TIC,age_pred
TIC_872755,8.31367286629369
TIC_992137,2.9055092056714553
TIC_1713395,8.740829904234223
TIC_1713457,6.210126922333061
TIC_1828620,13.622181849913668
TIC_2020365,6.378141026757215
TIC_2143575,1.5876163929733038
TIC_2835941,8.994220187169306
TIC_3095329,5.6450815911484264
TIC_3308690,10.792698087074433
TIC_3662563,8.653596930998244
TIC_3717225,8.229035421390767
TIC_3755225,
TIC_4000387,1.388078713172422
TIC_4248151,2.3917878563768173
TIC_4375457,
TIC_4588120,
TIC_5671350,7.613556849459281
TIC_7802263,4.063127336998065
TIC_7985934,7.188730712410441
TIC_8995067,3.777195250933076
TIC_10747908,8.462823623025761
TIC_12810761,10.014146675096402
TIC_13002588,7.960362923619723
TIC_13434305,4.304526964166943
TIC_14341652,
TIC_14601264,
TIC_16326334,1.395199007045804
TIC_17657588,
TIC_17661643,
TIC_18319134,
TIC_18385743,7.017714807600457
TIC_18532769,
TIC_18631875,
TIC_19029779,
TIC_19064095,
TIC_19112687,
TIC_19911846,7.607727124991438
TIC_20231212,7.7568856854515955
TIC_20530242,
TIC_20995501,5.374970997210525
TIC_21119523,
TIC_21151196,8.671586058732514
TIC_21227177,
TIC_21969291,
TIC_23747667,
TIC_25161053,11.553342948439829
TIC_26699664,2.073313899939045
TIC_26774737,
TIC_26966422,6.196465373070301
TIC_26967802,10.984693726626803
TIC_27006649,3.9577390983072465
TIC_27186427,5.561956859350279
TIC_27239501,
TIC_27543613,5.819704471064215
TIC_27548343,
TIC_28912737,
TIC_28960026,
TIC_29370344,
TIC_29521909,7.246489086521256
TIC_29868657,11.214886450148018
TIC_29987134,4.164901946708789
TIC_30853028,12.629528191756414
TIC_31190175,8.491825062861443
TIC_31506424,
TIC_31508240,5.20663310178519
TIC_31511890,
TIC_31655134,
TIC_31705248,7.266242899098235
TIC_31778786,
TIC_31795900,6.722844144795219
TIC_31852879,
TIC_31960529,10.305906362855602
TIC_32072326,
TIC_32645011,16.913373260879233
TIC_32681771,2.135301199989723
TIC_33834943,
TIC_33839693,8.213030873393034
TIC_34884074,8.432033786951642
TIC_38515329,7.319505301169548
TIC_38516267,
TIC_38573074,
TIC_38586863,2.769585510021823
TIC_38632722,9.261190726325832
TIC_38823638,
TIC_38846146,5.05054569328744
TIC_40456260,8.485781208006145
TIC_40622210,
TIC_40793484,5.677079953614512
TIC_41173048,
TIC_41259424,
TIC_41338480,
TIC_45410088,
TIC_47971007,5.8540646095624105
TIC_48023276,4.535421097374934
TIC_48309786,
TIC_48432406,4.430720659984233
TIC_48447365,5.526544251847921
TIC_48784515,8.113612295868977
TIC_48874795,2.9368820936837414
TIC_49003307,
TIC_50272813,6.4287022835234024
TIC_50381965,
TIC_51904348,4.542656054341334
TIC_51909321,
TIC_51991640,
TIC_52054736,6.030996234033064
TIC_52059209,
TIC_53194797,2.337830200046388
TIC_53668717,4.8455736667469065
TIC_55385407,
TIC_55398886,7.127032520183723
TIC_55399286,4.623106343879574
TIC_55478023,8.07597747660411
TIC_55478222,4.712392361648071
TIC_55478693,6.8065910855660965
TIC_55497082,
TIC_55523592,6.335184105201755
TIC_55526024,10.291852512228601
TIC_55557848,9.58055120688502
TIC_55559067,10.88944944858181
TIC_55664116,3.433716185558555
TIC_55748603,
TIC_55755059,3.6437800576307526
TIC_55761670,7.56023321102648
TIC_56976008,17.923067890081526
TIC_57607316,
TIC_58341644,
TIC_59492462,6.954880506700836
TIC_59713507,2.1502183979418943
TIC_60145709,2.0979005318821886
TIC_60998516,9.349766081185761
TIC_61017000,
TIC_61877025,0.6701500065099707
TIC_62598633,
TIC_63309193,
TIC_63456028,5.788736016395823
TIC_64366713,3.3047014096971847
TIC_66287504,8.492715348303209
TIC_67749159,
TIC_68197238,1.581880473203176
TIC_69292626,10.034809246295621
TIC_69367836,4.8451549849233695
TIC_70547057,
TIC_70676013,6.414203044893073
TIC_71232752,4.2762552993684455
TIC_71738687,8.845893782934334
TIC_75938449,
TIC_76090277,
TIC_76188657,8.00015320613221
TIC_76196131,14.300499755919011
TIC_76569867,
TIC_77644776,7.684651316141381
TIC_78106977,10.218206702195795
TIC_79548028,
TIC_79703670,
TIC_79705703,7.714639469429653
TIC_79896346,2.83796921509023
TIC_80312692,14.045414078392035
TIC_81008547,8.374236913488769
TIC_82132800,1.2399021352940411
TIC_82350426,6.839228214318272
TIC_82359031,
TIC_83540938,3.5784715005208287
TIC_85517670,
TIC_85791699,
TIC_86016650,
TIC_86119217,10.175393111649901
TIC_86369354,1.931614083933368
TIC_86375079,
TIC_87144474,
TIC_87316852,
TIC_89296598,1.6575209449937414
TIC_90591154,7.6453843601796745
TIC_90801126,
TIC_91790437,4.548326919146858
TIC_91987997,
TIC_93714388,
TIC_95076851,5.396943449694046
TIC_95162597,3.336408059262751
TIC_95663199,4.6316050382869705
TIC_96801217,13.424726402022207
TIC_96861698,3.9068327228667115
TIC_97807056,
TIC_99319677,10.85375348305606
TIC_99644109,9.880384362767648
TIC_99654411,11.697764650775044
TIC_99905293,14.959397229312737
TIC_99919259,
TIC_99921120,16.201256283940694
TIC_99971936,4.835602814275663
TIC_100011651,5.421838823816626
TIC_100014010,
TIC_100015126,9.665414321283187
TIC_100663923,
TIC_101014719,9.72911038767747
TIC_101767462,
TIC_101927602,
TIC_102070580,7.509581581954566
TIC_102886565,
TIC_159762838,13.482033359088101
TIC_159854029,5.923852179835623
TIC_159854769,7.315520038138483
TIC_159939904,7.370407673502781
TIC_159943982,2.8164539480078137
TIC_159980985,
TIC_160067359,4.89089225184765
TIC_160196097,
TIC_160226383,
TIC_160268710,
TIC_160297263,3.6649562178969446
TIC_160419156,
TIC_160439883,6.429627099133342
TIC_160472962,9.527545168048789
TIC_160489074,5.237188111406885
TIC_160491259,9.937540977673857
TIC_160492937,6.0425847005135775
TIC_160536270,6.141188303648326
TIC_160551662,14.319356982382665
TIC_160552281,8.767604469264679
TIC_160585774,
TIC_160602762,4.065847794064154
TIC_160603568,7.233065710107134
TIC_160946910,
TIC_161002783,
TIC_161025306,
TIC_161026891,
TIC_161044231,8.903147659357067
TIC_161058709,8.049725817176682
TIC_161686782,2.0582886934858204
TIC_161721465,8.292247315472665
TIC_161732839,2.682251652468538
TIC_161826896,2.8926381157983587
TIC_162146411,11.40598127181197
TIC_162492265,3.453318149431188
TIC_162519445,
TIC_162691719,5.6697453645585485
TIC_162692735,10.144015347749168
TIC_163354593,3.029624953261637
TIC_163386233,
TIC_164323968,6.552753713954163
TIC_164374883,
TIC_164409264,
TIC_164656364,2.9320395024417056
TIC_164670275,
TIC_165286030,
TIC_165412165,
TIC_165416852,6.3811965412837575
TIC_165466021,
TIC_165498199,1.6399376527210936
TIC_165530450,7.428985808517839
TIC_165626458,
TIC_165627514,7.7861314171509255
TIC_165639433,
TIC_165721718,10.298253500271722
TIC_165884080,8.424186814144312
TIC_166013497,
TIC_166064264,2.8956168127781816
TIC_166086376,
TIC_166767473,7.785949629299135
TIC_167795786,
TIC_167799987,
TIC_167810464,2.78449861640805
TIC_167904255,7.852343605951063
TIC_167977224,3.285742355112787
TIC_168700732,
TIC_168708182,4.904956053201172
TIC_168708413,7.949262509677206
TIC_168809388,14.870066202963173
TIC_168809741,2.746039401258596
TIC_169249207,
TIC_170574878,
TIC_171393734,5.011379815144872
TIC_171520453,6.127442494136313
TIC_172411691,9.170120166928974
TIC_175292843,
TIC_175409488,
TIC_176956040,
TIC_177115013,4.575154837439444
TIC_177241155,7.663010469100152
TIC_177283605,5.555650116058781
TIC_177310977,
TIC_177349660,
TIC_178219488,1.1420191878307593
TIC_179638714,6.14129057696701
TIC_180893973,
TIC_181021137,
TIC_181150842,3.525885892654298
TIC_181165209,3.610832026323278
TIC_181205079,1.139894843208628
TIC_181219375,0.6050889867770805
TIC_181233533,
TIC_182161229,2.6252718135312922
TIC_182747470,10.352833468415293
TIC_183291816,
TIC_183306127,6.49808056772842
TIC_183618947,4.026980027128093
TIC_183979379,
TIC_184561799,
TIC_184783339,
TIC_185166645,
TIC_185191335,
TIC_185240401,
TIC_185247253,
TIC_185331435,11.112722040612878
TIC_185990643,
TIC_186812304,2.533858615482079
TIC_188036547,3.440031647379211
TIC_188308561,
TIC_188632911,9.112416289911163
TIC_188770072,5.9919456689604615
TIC_191327724,1.758052969999222
TIC_192832113,4.761389516341077
TIC_193160044,
TIC_193291077,1.4045846116418303
TIC_193514772,
TIC_193728463,4.05391326235202
TIC_193729604,
TIC_193774688,11.206563040462163
TIC_193974158,1.159412467046213
TIC_194243076,3.308117956738678
TIC_194992101,1.6664858178308855
TIC_195138785,7.612872702299541
TIC_195376497,7.61096143311221
TIC_195711245,
TIC_197477797,
TIC_197583074,
TIC_197793057,13.721772016721973
TIC_197847423,8.775743836143686
TIC_197879853,9.75514150570517
TIC_197880458,4.3598241360026
TIC_197882175,9.714644865976393
TIC_197883936,
TIC_198037452,
TIC_198083041,7.082494433954815
TIC_198155740,3.957711168088158
TIC_198159527,7.9253920968630664
TIC_198180316,
TIC_198208765,3.3758163779843513
TIC_198210171,7.553306648033887
TIC_198235935,6.248395367778971
TIC_198240299,
TIC_198314359,8.68680360358236
TIC_198356573,11.01238165327715
TIC_198362570,7.6029771502813155
TIC_198362724,
TIC_198365901,13.369968770818083
TIC_198383789,8.310299982509049
TIC_198407490,9.147772444681879
TIC_198491466,7.031237961017263
TIC_198507982,
TIC_198513366,3.890217165667879
TIC_198514070,
TIC_198560350,12.215140071571279
TIC_198587057,9.419353597924188
TIC_198614627,8.247276017758686
TIC_198753166,
TIC_198838018,8.145268493084076
TIC_199523378,7.226960568495345
TIC_199548781,7.978351846778189
TIC_199573323,7.049084972695159
TIC_199608168,10.796960641822594
TIC_199610976,5.099596039376848
TIC_199631687,
TIC_199631856,9.960260389382993
TIC_199709017,
TIC_200376190,6.696576894034511
TIC_200377325,4.749630088381412
TIC_200509127,6.767116349839935
TIC_200655425,7.554080104538314
TIC_200863732,8.995497458947229
TIC_201860855,
TIC_201878303,17.766612370841735
TIC_201897982,2.946964442313482
TIC_201924718,9.836174829478267
TIC_202278566,15.712148794851396
TIC_202421707,5.346772384867345
TIC_202422034,14.951395740568682
TIC_202466788,
TIC_202506277,10.215706699965263
TIC_202511282,8.951001048103395
TIC_206356201,13.330208966719336
TIC_207137122,7.506780984514271
TIC_207203189,1.5920570844069588
TIC_207363233,
TIC_207384918,
TIC_207398184,
TIC_207401649,12.498252788783297
TIC_207461550,
TIC_207495585,6.2034220330118135
TIC_207497136,10.056005236669222
TIC_207499134,4.634758084125666
TIC_208383886,
TIC_219003079,
TIC_219004896,
TIC_219006267,
TIC_219010723,7.718304067545837
TIC_219018221,5.5868275744803135
TIC_219035650,16.175452211313015
TIC_219093356,
TIC_426643352,6.897024260622151
TIC_426825464,8.802014315828556
TIC_427110585,
TIC_427321672,
TIC_427528756,9.453461537608659
TIC_427693430,5.05644057908379
TIC_429004910,
TIC_429030762,
TIC_429051149,
TIC_429307624,
TIC_429668055,1.4262945727147032
TIC_429825885,
TIC_430537546,
TIC_431479944,
TIC_431591408,8.438576148776738
TIC_433699099,9.22156707139556
TIC_433884861,2.520404901572641
TIC_434368864,2.727829462073082
TIC_434972994,8.499922280703375
TIC_435259947,9.103853882524096
TIC_435334037,1.1612785765401625
TIC_435909708,
TIC_436347553,4.44994412269074
TIC_436637382,4.733087127859832
TIC_436658445,
TIC_436854102,
TIC_436868044,
TIC_436934707,2.763241461014781
TIC_438365916,4.695881500205874
TIC_440703303,
TIC_441570210,8.968790884968467
TIC_441571202,9.324968597431472
TIC_441581077,
TIC_441590121,10.550575822841878
TIC_441600983,6.411645501241144
TIC_441606296,4.065253055871337
TIC_441609314,
TIC_441629388,10.386588114072953
TIC_441660868,4.163798920311289
TIC_441686108,4.487489854144614
TIC_441687079,10.352251724892332
TIC_441689199,6.774310981748668
TIC_441691246,12.082683993194482
TIC_441703000,
TIC_441707427,
TIC_441725988,4.52959073148598
TIC_441761700,
TIC_441790929,10.007576406846514
TIC_441797545,8.978021769177879
TIC_441799643,6.481858060783346
TIC_441800221,11.009678633308994
TIC_441802597,
TIC_441804365,17.629501107478106
TIC_441813918,
TIC_443611410,5.005171063348912
TIC_443886210,9.592694806826751
TIC_444044903,9.710175554033741
TIC_444093913,
TIC_444630988,7.075185865279445
TIC_445293761,
TIC_445329934,8.575109560604613
TIC_445392679,6.1445243044327675
TIC_445586826,1.344343367444233
TIC_445794505,
TIC_445804831,
TIC_445856504,3.382943810510465
TIC_445859383,
TIC_446155547,
TIC_446157188,
TIC_446172447,
TIC_446346728,
TIC_446668698,4.387209166952224
TIC_446727999,
TIC_447337801,
TIC_447551565,
TIC_447823435,4.316234631639142
TIC_447939179,
TIC_448333264,2.87574669361638
TIC_448695689,7.3248211548323106
TIC_449671536,4.0628860265147955
TIC_451599588,20.581838434213086
TIC_451606344,
TIC_452283444,
TIC_452377101,11.333777070078227
TIC_452377786,
TIC_452495510,5.387099700021486
TIC_452510997,7.177116814721631
TIC_452567678,1.1552440304828633
TIC_452697707,13.206397339862932
TIC_452910671,4.578104172640482
TIC_453095415,5.333184625696755
TIC_453097231,2.625174678912905
TIC_453102450,2.6330966130965368
TIC_453239880,
TIC_453401266,3.3242197253154115
TIC_453453566,8.249331300276605
TIC_453585488,
TIC_453746453,3.1321228616120287
TIC_454268353,8.764474886867175
TIC_454295971,8.941720688399732
TIC_454668455,8.276822090670308
TIC_454748201,
TIC_454854466,
TIC_455272199,
TIC_455867811,
TIC_457017274,
TIC_457089746,
TIC_458483231,7.782709485210189
TIC_458484258,3.716910003141202
TIC_458613101,3.0888555724067213
TIC_458685167,8.673606925638364
TIC_458685648,2.579901941387447
TIC_459186567,11.149703567501266
TIC_459220068,7.748488959355345
TIC_459220381,4.1114859806956785
TIC_459307286,6.744694750829565
TIC_459893459,
TIC_459893929,6.210950040529864
TIC_459909838,6.035836273558099
TIC_459926477,
TIC_459957072,8.950652152448754
TIC_459978312,2.0190881152103013
TIC_459984696,
TIC_461167379,11.961613129838055
TIC_461499000,
TIC_461513366,
TIC_461537767,
TIC_461636387,12.389579373768353
TIC_461652875,
TIC_461736510,3.955541044748487
TIC_462197287,
TIC_462507471,
TIC_462511589,
TIC_462518592,
TIC_462543135,18.12805510421156
TIC_462544179,3.436124398279722
TIC_462546411,
TIC_462618497,11.84758481067908
TIC_464375439,3.398075678802064
TIC_467335635,
TIC_467356520,
TIC_467543861,17.898614943311014
TIC_467934911,4.665073537153471
TIC_467969559,
TIC_468263946,6.098525925003261
TIC_468264519,
TIC_468377266,
TIC_468585397,8.285221111777878
TIC_468701602,
TIC_468920804,
TIC_469347830,10.829093857253648
TIC_469468503,11.764596518400298
TIC_469521730,10.585178349847963
TIC_469854402,8.94824685457032
TIC_469905944,9.202229440859911
TIC_470022296,12.100369161862552
TIC_470119413,
TIC_470169809,12.855046912952686
TIC_470204742,
TIC_470235690,
TIC_470696071,7.550311714823433
TIC_470913104,10.434922462479127
TIC_470917347,
TIC_378687599,
TIC_378913374,4.319642758475393
TIC_378939909,
TIC_379364030,14.413175441112658
TIC_379377074,
TIC_379602223,4.988127521308538
TIC_380037612,8.974527037521291
TIC_380394028,6.496752754006155
TIC_380527368,9.76545609265799
TIC_381003569,
TIC_381205959,8.951925894009394
TIC_381360549,7.4724557371115
TIC_381975295,
TIC_381975502,
TIC_381978020,2.587993968823944
TIC_382028854,
TIC_382033285,9.805980219686468
TIC_382043798,8.499804833976624
TIC_382043962,1.0897916383466573
TIC_382044361,9.385892414540848
TIC_382067256,4.405004343836009
TIC_382159212,
TIC_382160281,
TIC_382187278,
TIC_382198789,3.234408668552274
TIC_382200050,10.926277422655465
TIC_382260143,12.132090243838396
TIC_382276084,6.561246660374288
TIC_382426322,8.74117235059638
TIC_382579369,7.34494884493583
TIC_382903517,8.60891695059778
TIC_383553523,6.271531208832494
TIC_383720597,8.822649714969026
TIC_383946834,
TIC_384526619,
TIC_384741153,
TIC_387018319,7.870815674122043
TIC_387087232,
TIC_387290231,4.283453405760597
TIC_387412503,6.375924914313175
TIC_387701104,8.463299190367001
TIC_388135434,
TIC_388180971,5.219929550088613
TIC_388205206,7.904329333423869
TIC_388320750,12.484292540180792
TIC_388436597,
TIC_388606621,
TIC_388761462,6.773066990259908
TIC_388816797,
TIC_389086433,
TIC_389371996,7.673344232801622
TIC_389424817,
TIC_389876025,12.39194524731669
TIC_390017653,
TIC_390198316,8.871596889621918
TIC_391891312,
TIC_391904102,
TIC_391946816,
TIC_392567622,
TIC_392571044,6.305162198350493
TIC_393489565,
TIC_393961551,6.979195579890524
TIC_394128404,
TIC_394151928,
TIC_394225555,
TIC_394239976,10.511335046079868
TIC_394323335,5.084456567277145
TIC_394341775,
TIC_394558419,
TIC_394577535,5.111213166176771
TIC_394584352,5.569362069246093
TIC_394679100,2.6628642593434604
TIC_394729489,2.520897662088671
TIC_394914058,
TIC_394921606,8.668392413529508
TIC_395390452,4.774923701073671
TIC_395393368,2.6116913404510087
TIC_395400225,4.506956350208673
TIC_395404732,
TIC_395609561,4.898015775434996
TIC_395732531,1.492484397052766
TIC_396108464,8.463660907363812
TIC_396203066,
TIC_396203108,2.5957131376281306
TIC_396452770,6.192146258588169
TIC_396472479,
TIC_396532068,6.053488710950829
TIC_396544264,
TIC_396662070,8.29623389217779
TIC_397042227,10.131789247589152
TIC_397121536,10.59107858657744
TIC_397143059,5.5537789382805105
TIC_397148644,
TIC_397149515,6.278584463338193
TIC_397726678,
TIC_397920546,
TIC_398229478,8.275134357605483
TIC_398238180,2.568176649527409
TIC_398238189,5.668380627196766
TIC_398267218,10.008047030327507
TIC_398285028,11.240873119267286
TIC_398285684,1.8386898345327654
TIC_398306318,8.694290497913219
TIC_398337480,9.056579752919838
TIC_398940200,
TIC_399718508,3.3655482427704384
TIC_399735209,
TIC_399762693,14.605758140469398
TIC_399924619,7.054546636140905
TIC_399948581,8.726742727917266
TIC_400093704,10.0884999886395
TIC_400106146,
TIC_400157138,
TIC_400335656,
TIC_401278539,
TIC_401361966,16.022232487687305
TIC_401501843,
TIC_401574714,
TIC_401826612,
TIC_403069041,11.32692817019165
TIC_403123914,0.5989218991135132
TIC_404849302,9.812071902191809
TIC_404853236,10.007004823798828
TIC_405413133,2.3675038910325426
TIC_405527245,
TIC_405559623,2.9426759689941133
TIC_405580462,3.570150983888703
TIC_406319088,
TIC_406533529,4.591997142528349
TIC_406536209,
TIC_406807534,2.288395652300314
TIC_407113246,
TIC_407623738,8.166969788841262
TIC_407965884,
TIC_409321615,10.14205389970671
TIC_410118032,7.830605462540958
TIC_410162322,3.7114347541772243
TIC_410585410,3.344648691109495
TIC_410931340,
TIC_411679817,6.716925667526138
TIC_411752883,8.229405308748635
TIC_411886725,10.215406201801482
TIC_411932148,
TIC_413103252,9.532488699771752
TIC_413117060,
TIC_414827734,
TIC_414863222,1.8403524700064329
TIC_415009572,
TIC_415590003,
TIC_415703017,12.55545404947654
TIC_416106483,10.29731486522819
TIC_416267693,3.8701151098255204
TIC_416282724,
TIC_416402484,4.765475691993437
TIC_416670255,7.9934351283937275
TIC_417670552,
TIC_417742791,3.702411297909772
TIC_417921531,5.717375300288544
TIC_418261773,
TIC_418301218,8.212469975686462
TIC_418352251,7.970236837640853
TIC_418429142,
TIC_418654411,5.658105882907053
TIC_420287251,5.945769428107129
TIC_420304740,2.459015971292057
TIC_420498917,12.975012607728344
TIC_420536861,
TIC_420656048,12.646078581768828
TIC_420729120,
TIC_420802447,2.348323064942401
TIC_420889920,4.417556246745987
TIC_421252164,13.195114583719896
TIC_421896993,
TIC_422053386,1.526463661858198
TIC_422156556,8.197683259549251
TIC_423124005,
TIC_423385799,
TIC_423386494,
TIC_423443090,
TIC_424387147,
TIC_424437957,6.312270553211138
TIC_424438735,8.398817987137434
TIC_424518918,
TIC_424696909,5.820445945785782
TIC_424731682,2.6763058701222353
TIC_424988021,3.1083057979419375
TIC_424995989,
TIC_425069023,
TIC_425086349,
TIC_425711370,
TIC_425796306,6.128574675936164
TIC_425813582,
TIC_425852301,
TIC_425934616,5.702513709467411
TIC_425938647,
TIC_425940120,
TIC_425997700,
TIC_426019989,
TIC_426286197,
TIC_426483393,5.412402366796449
TIC_233727013,
TIC_233736455,3.8757372817629485
TIC_233801268,1.959683542477073
TIC_233832738,4.42035963614367
TIC_233837609,2.4626010503270908
TIC_233839416,10.257383466425674
TIC_233845020,7.042788593256411
TIC_233890069,
TIC_234306874,5.465558335829475
TIC_234343957,1.5416877860262803
TIC_234497281,
TIC_234497780,3.9153505024629216
TIC_234516451,
TIC_235061209,3.6341729368606908
TIC_235558207,
TIC_235714953,
TIC_235929979,
TIC_235937657,
TIC_235938726,2.3294574147439344
TIC_235953399,7.993652075630817
TIC_235983031,1.6740095454654191
TIC_235983493,
TIC_236000210,3.0416600322040064
TIC_236339228,10.116256616690084
TIC_236389438,1.7184079542409068
TIC_236761202,
TIC_236767893,3.8828764867091
TIC_236868579,1.2056818871851427
TIC_236876084,
TIC_236889115,7.516291564700739
TIC_237101581,13.445087056480682
TIC_237111182,1.668457492191359
TIC_237130078,
TIC_237282368,5.096122560870638
TIC_237298086,5.793367784356786
TIC_237308403,
TIC_237314921,11.208426527284244
TIC_237331910,16.03331094654944
TIC_237337257,
TIC_237342147,
TIC_237909385,
TIC_237919436,10.898912370714113
TIC_237934406,6.111416584040732
TIC_237955524,12.052690589341326
TIC_238005820,5.218435166117786
TIC_238018529,
TIC_238073682,
TIC_238128711,5.388755448431815
TIC_238159015,13.655660358096195
TIC_238192783,5.329661934854908
TIC_238196326,4.70077134508514
TIC_238198708,8.434133443670408
TIC_238203650,
TIC_238227102,
TIC_238342082,10.548412619750332
TIC_238346482,10.39342435198937
TIC_238378233,12.809689188769488
TIC_238546119,7.670310051154199
TIC_238867738,7.913817956655634
TIC_238874890,8.883551088143237
TIC_238891740,
TIC_238915288,14.392753603779882
TIC_239931874,
TIC_240090986,6.537646225345504
TIC_240151036,1.327479438684669
TIC_240174511,7.605320040183409
TIC_240790853,
TIC_242988608,5.367197832091762
TIC_243149841,
TIC_243189630,
TIC_243279536,6.623655108479637
TIC_243416139,6.234938509709062
TIC_244291185,
TIC_245166595,
TIC_247119634,
TIC_247408473,6.252281539290884
TIC_247408804,12.850486293576115
TIC_247480908,
TIC_247829471,2.436310038026193
TIC_247866345,5.831119999979557
TIC_248944100,5.840925930331005
TIC_248963902,3.134859043332927
TIC_255559203,8.273698527161331
TIC_255569629,4.852426114603237
TIC_255616848,3.2367353771825536
TIC_255722709,3.232282740036157
TIC_255873653,11.75936093904601
TIC_256557483,6.189901790652453
TIC_256615403,
TIC_256663870,2.1941671997180427
TIC_256747813,
TIC_256771115,
TIC_256801656,
TIC_256868095,1.6625369559794356
TIC_256977031,1.641845430584016
TIC_257004995,
TIC_257005016,7.959662837082679
TIC_257022352,
TIC_257046812,6.435718047595789
TIC_257721857,5.342269121623301
TIC_258389994,7.48378614638414
TIC_258548184,2.7706552308965495
TIC_258627931,9.531885784745835
TIC_258748584,1.48249872429878
TIC_258769833,
TIC_258770213,
TIC_258778547,
TIC_258803329,7.32247074076654
TIC_258829890,12.281572231653646
TIC_258906153,
TIC_258922669,
TIC_258955374,7.178659909561581
TIC_258957379,9.249316714803356
TIC_259377427,7.123518979869324
TIC_259407892,12.213609443136765
TIC_259477845,
TIC_259513779,
TIC_259543590,
TIC_259590908,
TIC_259593261,
TIC_259594997,5.129329433863649
TIC_259862052,
TIC_259862594,6.984805788931576
TIC_259976119,
TIC_260004064,5.0226837624921705
TIC_260004910,6.204743504526991
TIC_260079513,6.383706782646407
TIC_260189950,2.6526185593152056
TIC_260192754,
TIC_260243101,14.467770677442804
TIC_260355953,7.173556346368043
TIC_260401770,
TIC_260503442,
TIC_260507500,1.0137417624176024
TIC_260542038,5.99116703476629
TIC_260605873,5.817632412723397
TIC_260655847,4.093469897700908
TIC_260659557,
TIC_260709282,4.504606646725671
TIC_260749554,2.9410709527239005
TIC_260755229,3.4848115490789406
TIC_260795727,
TIC_260854773,1.6894790502275363
TIC_260898392,
TIC_260971201,1.7635216205562354
TIC_260981689,3.4305934624200294
TIC_260994536,4.906241099705961
TIC_261091569,6.832192869677793
TIC_261107827,13.294822094152947
TIC_261138245,2.076321313770249
TIC_261205435,6.692543123696165
TIC_261237964,2.5489706679551096
TIC_261259521,13.5487787971579
TIC_261260594,1.3511714082698192
TIC_261332418,7.850254165574181
TIC_261580883,
TIC_261593405,5.512861543138738
TIC_262614074,
TIC_262687961,3.2749593820533023
TIC_262883439,6.128757885745307
TIC_262958781,3.0625725111186086
TIC_263078990,16.910676162202265
TIC_263602077,
TIC_263951758,
TIC_263969664,8.840764028857667
TIC_264029177,
TIC_264053070,3.904746253717708
TIC_264053336,1.5703650811542853
TIC_264076313,6.1432600248837845
TIC_264172684,3.200851244158293
TIC_264175756,5.972547904854963
TIC_264217214,
TIC_264222470,7.105999739492743
TIC_264297610,5.70400982378172
TIC_264309181,2.650815413887077
TIC_264871967,4.938018771459609
TIC_264898884,3.5993770769835565
TIC_264934180,
TIC_265052133,
TIC_265285561,9.904021457295366
TIC_265306802,2.629786387390172
TIC_265343271,18.921982840723164
TIC_265348271,
TIC_266347241,
TIC_266877890,
TIC_266904464,5.379968900250045
TIC_267061366,10.14168065207783
TIC_267082653,6.691903449742573
TIC_267082843,6.4814535437691205
TIC_267084318,
TIC_267210445,17.538998140394998
TIC_267396248,6.119119074949256
TIC_267484709,
TIC_267548593,
TIC_267819419,
TIC_268322670,2.8077483200125775
TIC_268331113,16.628876186137706
TIC_268393135,
TIC_102986980,5.543561972538526
TIC_103032255,6.592575196028602
TIC_103220149,
TIC_103657028,7.547270680155622
TIC_103683964,
TIC_103689487,
TIC_103805849,
TIC_105799467,
TIC_111750740,
TIC_113329742,7.359248675899282
TIC_114803441,
TIC_115524349,
TIC_116044700,
TIC_116162002,
TIC_116164903,
TIC_116361759,
TIC_116363657,12.464540908171458
TIC_116502488,3.6101585983922577
TIC_117218706,3.6096367067116377
TIC_118298989,8.864641049610725
TIC_119246946,8.949428763725807
TIC_120423284,2.5524187092618096
TIC_121791946,9.403796704481119
TIC_121988957,
TIC_123091906,2.270342039726342
TIC_123128041,
TIC_123311202,7.494529678695345
TIC_123361631,
TIC_123489614,
TIC_123551006,
TIC_123699670,6.882688187348429
TIC_126367263,11.44491394036045
TIC_127761120,9.04467457710325
TIC_130203297,
TIC_137119521,2.655925293308194
TIC_137123484,7.9168717069046695
TIC_137265970,
TIC_137343525,
TIC_137421889,3.440136924015368
TIC_137700657,7.204369560754901
TIC_137810576,4.835951377609684
TIC_137985230,
TIC_138418106,
TIC_138474630,8.699072196939511
TIC_138485774,2.0687996879022905
TIC_138558958,2.987644308055433
TIC_138577559,6.521612048001245
TIC_138589695,7.2442779996174185
TIC_139230733,2.0739681890365693
TIC_141006895,
TIC_141155264,8.962078908882615
TIC_141206921,1.5668264712343152
TIC_141210448,8.169643810986303
TIC_141413219,
TIC_141606060,2.8919317336428088
TIC_141610759,
TIC_141627237,
TIC_141679474,7.879637805242405
TIC_141757732,
TIC_141805180,
TIC_141860204,7.3404905084660514
TIC_141860869,10.339316383399977
TIC_141875398,3.8410442034042687
TIC_141978023,
TIC_142043413,
TIC_142089212,
TIC_142109390,
TIC_142140058,10.268735006580357
TIC_142349770,8.67795455770959
TIC_142382528,3.482945983583425
TIC_142441042,
TIC_142519130,8.418797419346175
TIC_142519531,
TIC_142634387,
TIC_142725881,3.64846120839517
TIC_142782752,
TIC_142809647,
TIC_142848077,
TIC_142932172,8.839892645521994
TIC_142945689,2.7992627112550252
TIC_142963647,3.5195256261272867
TIC_143275486,
TIC_143401454,
TIC_144124311,
TIC_144277475,7.4837612201333945
TIC_144313499,1.3997704761352017
TIC_144335025,
TIC_144750454,2.8192152935507995
TIC_145750604,6.023665383271391
TIC_145979593,4.851733198101052
TIC_146264536,
TIC_147293226,8.290624513935306
TIC_147345947,15.079220602430649
TIC_147613128,
TIC_147628163,7.54416693200761
TIC_147641744,8.209181735488805
TIC_147644187,
TIC_147672206,
TIC_147680681,
TIC_147796882,
TIC_147855507,
TIC_147891470,8.331806797640805
TIC_147893739,
TIC_147898225,10.85761477420553
TIC_147950938,9.7966869586079
TIC_148001905,2.461122174939365
TIC_148096456,11.194045578328183
TIC_148562084,13.937252267986263
TIC_148562228,10.584836964426183
TIC_148618548,1.6940638725066455
TIC_148765586,8.73312552693441
TIC_148916165,8.801391716071084
TIC_148916991,5.7901545535184145
TIC_149038292,
TIC_149159039,
TIC_149345278,
TIC_149347992,1.6197613349645035
TIC_149363045,7.609444607556307
TIC_149390710,9.704613087545818
TIC_149398070,
TIC_149441771,
TIC_149441973,5.354077941863749
TIC_149451912,
TIC_149894112,
TIC_149901064,8.343706092291766
TIC_149917324,
TIC_149971055,9.009024939088313
TIC_149976395,3.9110878106193794
TIC_149978296,
TIC_149992479,
TIC_150030411,2.8884231744409186
TIC_150150095,
TIC_150249737,3.5197438339840867
TIC_150316909,
TIC_150322991,
TIC_150326709,6.939798568760804
TIC_150342503,4.3555163889525845
TIC_150356135,11.207931981935504
TIC_150393140,4.646875563146373
TIC_150393390,10.961700751087331
TIC_150430044,
TIC_150442152,
TIC_153858138,6.599553682226889
TIC_153893197,9.435103621512514
TIC_153950008,
TIC_153990174,3.8943952085002893
TIC_153990923,16.787323670095056
TIC_154010909,
TIC_154068408,10.887875248191756
TIC_154182988,3.154140936925482
TIC_154214348,
TIC_154223690,9.139488754249234
TIC_154344008,6.0031566474142535
TIC_154346102,
TIC_154385126,
TIC_154486328,8.64144490751636
TIC_154490761,
TIC_154653061,4.93840769529984
TIC_155028080,2.4267969387181596
TIC_155360134,9.173053971386329
TIC_155459659,0.8876836379279726
TIC_155633373,
TIC_155774779,11.52344744956218
TIC_155969363,
TIC_156085643,7.595890938432944
TIC_156086284,
TIC_156139532,4.312731770452254
TIC_156457345,
TIC_156463699,8.610317253034387
TIC_156493690,
TIC_156945430,
TIC_157010816,
TIC_157263760,9.311810832737136
TIC_157321602,2.6215629936132427
TIC_157328623,10.611475722755467
TIC_157349284,11.708945474060181
TIC_157649067,5.800503816922795
TIC_157694092,8.387576924011054
TIC_157765164,
TIC_157977816,10.339532555958666
TIC_158000309,7.847090511828972
TIC_158003177,3.0041902328527965
TIC_158088633,3.737072447936804
TIC_158447307,4.538741403573657
TIC_158447878,
TIC_158587933,4.286154307684338
TIC_158588517,
TIC_158591045,3.4908247296217714
TIC_158714829,
TIC_158781686,
TIC_159105020,
TIC_159145231,11.402780783714915
TIC_159212711,4.754079442757767
TIC_159332615,7.986908114111852
TIC_159539923,9.459112750972835
TIC_159539998,12.196237376536654
TIC_159546913,1.8453786129447731
TIC_159613699,10.42477118009399
TIC_159631371,
TIC_159634826,2.234948692872712
TIC_268603238,10.793932467117632
TIC_268614032,
TIC_268750437,
TIC_268754714,12.01539781742402
TIC_268830428,4.080721817340689
TIC_269407885,2.5790700110488696
TIC_269475596,12.458212395198993
TIC_269573233,10.764977445240735
TIC_269698397,2.0424030703082017
TIC_269854349,5.736394896577098
TIC_269932980,6.783698873305533
TIC_269935069,
TIC_270023217,
TIC_270243569,7.175098202469411
TIC_270245797,6.610208670759221
TIC_270247756,12.784597024371994
TIC_270291867,12.029408140120982
TIC_270344943,9.04674599309396
TIC_270391245,2.3995764492190754
TIC_270627594,
TIC_270677029,
TIC_270858200,3.4993187781710198
TIC_270986100,4.175378965352213
TIC_271701447,9.48314732438713
TIC_271775694,8.055532949177548
TIC_271886778,4.167880698095701
TIC_271903890,4.057362250746965
TIC_272285352,
TIC_272357006,7.8918711124161
TIC_272650711,
TIC_272670678,
TIC_272678898,8.738369758178724
TIC_272679402,
TIC_272679869,8.852574211677357
TIC_272701896,7.004159225490832
TIC_272760235,8.760714853308198
TIC_272784360,7.055708767742169
TIC_273119951,6.116666482707568
TIC_273279154,8.482457662797696
TIC_273370115,
TIC_273396767,
TIC_273420262,5.670731124243532
TIC_273569277,5.759947724232811
TIC_273606667,
TIC_273652436,13.105765883386825
TIC_273733875,4.465908765406938
TIC_273847957,
TIC_274012361,14.287674443472453
TIC_274221551,9.473783855655146
TIC_274487118,13.246082266296863
TIC_274578213,6.3913642031640885
TIC_274677097,11.741731190283467
TIC_274724250,10.921679278738878
TIC_274726293,17.77221675147459
TIC_274801993,5.608139343955764
TIC_274802274,
TIC_275048984,
TIC_275061038,4.079794794786957
TIC_275178067,3.181341816948573
TIC_275250249,
TIC_275263852,6.514527031694482
TIC_275364579,7.750314894541672
TIC_275492464,1.5153670712629577
TIC_275502466,8.879821962597791
TIC_275631920,4.652579524511313
TIC_276078538,4.732094613333298
TIC_276864676,
TIC_276905630,
TIC_276967365,3.312294261479999
TIC_277276155,5.956577845095945
TIC_277774779,4.689212117550072
TIC_277810712,14.017434436164255
TIC_278024624,10.92819448789417
TIC_278268494,
TIC_278326347,7.493741314006474
TIC_278328989,
TIC_278731442,7.476752835166793
TIC_278777449,4.8427354005155
TIC_278824686,5.333114232606186
TIC_278865342,
TIC_278899512,
TIC_278957439,
TIC_278960800,
TIC_278987334,10.6736225659913
TIC_279088394,1.9360144741887502
TIC_279088861,
TIC_279090824,5.444440766959968
TIC_279091008,4.531760081064776
TIC_279249069,2.963927565432766
TIC_279359927,4.543686526401672
TIC_279477819,9.32015297056571
TIC_279608372,7.602671521955862
TIC_279636884,
TIC_279727001,
TIC_279727206,
TIC_279727421,9.54507373995903
TIC_279741867,3.7747353367713847
TIC_279834531,
TIC_279953380,14.10542456150037
TIC_279979689,9.555505269365877
TIC_279980795,6.0613643490616065
TIC_280033832,
TIC_280051835,11.322743150923447
TIC_280096428,10.572746878074922
TIC_280238605,
TIC_280726888,9.791908007967017
TIC_280933758,
TIC_281563487,7.074728571988852
TIC_281597433,9.352381701455284
TIC_281631335,
TIC_281637751,6.305628180314599
TIC_281678926,4.065690386446171
TIC_281692029,
TIC_281797748,
TIC_281924940,10.449881549580276
TIC_281982431,
TIC_282230756,
TIC_282924596,5.449004908762449
TIC_283771694,
TIC_284181945,3.8189024903916957
TIC_284182668,8.245509471682277
TIC_284190466,
TIC_284203323,2.9910478990005385
TIC_284555713,7.268623204525761
TIC_284627497,11.768902160088752
TIC_284660452,
TIC_284679169,
TIC_284902257,2.2709229533505177
TIC_285971448,6.699691390811895
TIC_286098249,
TIC_286216238,
TIC_286311250,
TIC_286507416,
TIC_287139051,
TIC_287140025,7.323435980866543
TIC_287151392,10.02274914140779
TIC_287221547,
TIC_287261757,9.674850415961648
TIC_287286222,
TIC_287496048,
TIC_287589266,
TIC_287769668,
TIC_287837391,3.9915504872837606
TIC_287867700,7.009421960612631
TIC_288108572,7.905287068577485
TIC_288183622,5.67216755386334
TIC_288183829,4.917720198074194
TIC_288185404,
TIC_288185546,1.8235443275506125
TIC_288237238,3.826309851873716
TIC_288240748,5.217613931979789
TIC_288298674,2.2044224677777917
TIC_288344769,
TIC_288431266,9.796736711232349
TIC_288516967,
TIC_288524895,4.595732169267386
TIC_288601729,10.42180683701914
TIC_288636381,7.7861861083944985
TIC_288735742,
TIC_288846484,4.591359962510667
TIC_289021161,
TIC_289077942,
TIC_289080311,8.351968065970512
TIC_289138845,4.150040092711546
TIC_289679763,7.269139056116099
TIC_289775373,4.3121878048504545
TIC_289814345,
TIC_289818652,
TIC_289832595,14.937392595166349
TIC_289903576,1.1983839080053267
TIC_289966090,1.194136945179935
TIC_290352455,7.264243057976393
TIC_290513411,
TIC_290546136,2.38939835930053
TIC_290651893,
TIC_290653996,7.902207557945414
TIC_290655383,8.75279205086238
TIC_292627233,
TIC_292698326,
TIC_292777606,10.435719464286764
TIC_293164978,8.04604157080833
TIC_293218474,6.122346781051461
TIC_293252336,
TIC_293271686,
TIC_293272754,4.371202732919059
TIC_293462404,3.7699140507702316
TIC_293505416,6.30283031081217
TIC_293527488,9.60057240133261
TIC_293655750,4.940850273580204
TIC_293732840,5.277003392398031
TIC_293806873,3.7850306966020293
TIC_294209068,
TIC_294292672,15.006848842984546
TIC_294330174,9.921778036741784
TIC_294501296,1.4085129767906905
TIC_294784092,3.791982809808723
TIC_294785164,
TIC_295204397,4.929317631284231
TIC_295211073,6.160688838890546
TIC_337607213,2.9470281949827286
TIC_337642856,8.70838157496409
TIC_338655597,
TIC_338993776,
TIC_338995234,6.656767300746135
TIC_339598472,6.763882290480309
TIC_339672106,16.41090584989622
TIC_339673707,7.582711732760809
TIC_339769900,2.7849974556454336
TIC_339770749,8.263014851785865
TIC_339887586,
TIC_339960404,10.592046094958304
TIC_340062939,
TIC_340174734,5.091743467700921
TIC_340179086,5.117643453429787
TIC_340181061,4.336095517548569
TIC_340255470,
TIC_340931059,
TIC_341188017,6.077238766123237
TIC_341571306,
TIC_341613432,
TIC_341631531,2.758571832601941
TIC_341686676,
TIC_341687229,6.658848256725608
TIC_341707548,4.95602587252967
TIC_341840037,3.072581106393114
TIC_341874424,5.867945057880014
TIC_341879249,5.947878200237649
TIC_341929445,5.097261731779706
TIC_342169249,6.004661737987757
TIC_342365421,7.744471628298427
TIC_343402190,
TIC_343409358,
TIC_343598771,
TIC_343720260,8.104655958127282
TIC_343995519,14.083853060030032
TIC_344073005,7.165137703740984
TIC_344840363,2.607053245474697
TIC_344843690,10.489454657882716
TIC_344852533,7.497703499957026
TIC_345032207,5.568862116560467
TIC_345456791,6.685087554559225
TIC_345598728,5.138738852920505
TIC_346004415,9.037217650773439
TIC_346722548,
TIC_347445677,
TIC_348842808,2.721402642145547
TIC_348994088,6.538720402113421
TIC_349190958,7.87489906368506
TIC_349196900,6.153845243407779
TIC_349247495,
TIC_350140570,8.768510076890983
TIC_350295877,4.423244082361415
TIC_350297922,6.9280051374266085
TIC_350342269,2.807554809556684
TIC_350343922,7.919935515568693
TIC_350344761,7.7142917016835675
TIC_350433501,5.552944759202686
TIC_350434379,
TIC_350499405,6.594412852592143
TIC_350516184,6.842527069376076
TIC_350584303,5.803732408465006
TIC_350708927,5.789074534072667
TIC_350716888,16.662228869130033
TIC_350764206,2.5401779201541856
TIC_350825116,3.8526991477820443
TIC_350934641,
TIC_350987178,2.7637621938112935
TIC_351777785,8.480026611532338
TIC_352838223,3.374147690772623
TIC_353092646,10.165248918420946
TIC_353238549,4.237316674114009
TIC_353782112,
TIC_353784443,3.8341412234525607
TIC_353855077,
TIC_353872814,
TIC_353934350,6.931081212017118
TIC_354242427,11.05873224128554
TIC_354785313,6.121465356115997
TIC_355510058,
TIC_355548896,14.207637745684043
TIC_355753487,8.549244514828438
TIC_355835562,2.2839662201000843
TIC_355951649,4.622273848378934
TIC_356111753,
TIC_356111938,5.975370838413527
TIC_356150954,12.451026445723247
TIC_356198029,2.510876738551108
TIC_356226401,
TIC_356337657,
TIC_356340717,10.688261180108526
TIC_356672218,6.782772226239695
TIC_356700209,3.8879208324865466
TIC_356744534,9.230579590231521
TIC_356785943,0.9592686186909536
TIC_356892348,11.001754230446702
TIC_356893496,8.108555824680153
TIC_356894735,
TIC_356920007,4.700708252901075
TIC_356976847,3.6765380321773358
TIC_357035841,6.403077392734627
TIC_357036834,6.369923535564887
TIC_357361953,8.291665695321049
TIC_357370845,6.432574802750637
TIC_357685075,4.509765908045483
TIC_357954926,4.909861009508185
TIC_358156337,7.856870043816542
TIC_358736833,1.6014928252722624
TIC_358742213,
TIC_359278618,7.472262791703778
TIC_359356597,
TIC_359554914,10.476204850252932
TIC_359634548,3.16609551289902
TIC_360019958,8.07193542630092
TIC_361458540,6.73021819797621
TIC_361741243,11.325892041549901
TIC_362064341,5.3475607788906006
TIC_362103349,
TIC_362132072,8.198194213089609
TIC_362221842,
TIC_363348787,
TIC_364025794,1.7270557101826918
TIC_364266724,9.828037149966498
TIC_364395684,5.4263743661631665
TIC_364406290,
TIC_364538492,4.316551273496862
TIC_364766176,
TIC_365052029,
TIC_365193283,4.741443136464738
TIC_365273563,
TIC_365301267,15.125152800745157
TIC_365480289,
TIC_365482475,4.667103032151326
TIC_365930577,
TIC_365968021,
TIC_366019099,4.222820453451388
TIC_366120745,8.16723265379983
TIC_366354149,3.6672588465533376
TIC_366507361,
TIC_366620082,6.255570099500071
TIC_366676700,6.5187946589973045
TIC_366834816,14.740285502015423
TIC_366961817,
TIC_367069074,4.6896983230533955
TIC_367102989,9.162910022299506
TIC_367258984,7.874483306461647
TIC_367355815,6.290761416081106
TIC_367506710,
TIC_367613229,4.879923896053121
TIC_367614642,5.560250414320016
TIC_367737522,
TIC_367757382,9.815804732142185
TIC_368628548,0.6008094113927612
TIC_369324314,7.875760252149493
TIC_369388331,
TIC_369769825,5.698124774641402
TIC_369771333,
TIC_369965957,
TIC_370010028,4.955527805024005
TIC_370140250,2.3881511885536995
TIC_370223705,11.265631533335826
TIC_370228189,
TIC_370246784,2.058926019341921
TIC_370435127,5.4650950503640345
TIC_371205495,3.085443041918357
TIC_371221281,1.6204129194293342
TIC_371767006,6.672323225121128
TIC_372072912,5.2619423294355805
TIC_372389503,9.717035706177496
TIC_372499725,
TIC_372731157,
TIC_372734827,
TIC_373016628,9.567555913391564
TIC_373448005,7.168093079644783
TIC_373523595,12.520749662524151
TIC_373604254,
TIC_373626359,1.74882802744332
TIC_373675717,
TIC_373943437,8.247375832379703
TIC_374024673,3.9959060145301195
TIC_374046378,7.838999920797716
TIC_374169490,
TIC_374312260,
TIC_374858999,7.2502033860887005
TIC_374859230,1.7153643843871236
TIC_374911449,
TIC_375062809,
TIC_375091650,2.8345315460319798
TIC_375688051,4.73052382413142
TIC_376197802,
TIC_376539888,3.580216442312258
TIC_376867523,
TIC_376925533,6.786262603816913
TIC_376927620,
TIC_377061908,
TIC_377100366,
TIC_377292679,5.375054926672558
TIC_377295633,6.780055648756667
TIC_377780437,11.59346294911004
TIC_377784111,3.4848563680247615
TIC_219111587,
TIC_219112216,
TIC_219143616,
TIC_219176630,1.8640031026022597
TIC_219234328,6.241921689551369
TIC_219400409,13.323017388765338
TIC_219432606,3.6724068427706578
TIC_219463934,9.376991710298375
TIC_219482627,
TIC_219499657,
TIC_219506236,6.645658442819757
TIC_219508951,
TIC_219581340,
TIC_219696302,1.0335458344608297
TIC_219701594,4.279461728643965
TIC_219705379,7.535487301304665
TIC_219725322,13.762424695455493
TIC_219732543,4.6922763325153225
TIC_219751469,1.7595086494412375
TIC_219755548,
TIC_219771875,8.537890809145118
TIC_219777306,11.505945998070368
TIC_219777669,5.768507221816342
TIC_219788712,
TIC_219794415,
TIC_219802774,9.965794546559145
TIC_219805568,10.358117086568848
TIC_219811092,
TIC_219821654,
TIC_219845310,12.088340178012137
TIC_219855548,2.9148170670953433
TIC_219860013,
TIC_219867444,2.5008839384930672
TIC_219873138,7.17917600547916
TIC_219992932,
TIC_220020672,5.077684926753896
TIC_220347617,
TIC_220378886,18.980569202899034
TIC_220399619,
TIC_220402024,2.3896955958401542
TIC_220404759,
TIC_220406924,4.70529863566341
TIC_220407801,6.562845953424979
TIC_220417077,
TIC_220427527,10.132885885275968
TIC_220428118,9.29572279028787
TIC_220430008,10.907212301675248
TIC_220457739,8.600926640372103
TIC_220459451,
TIC_220517490,
TIC_220523140,6.338932665921804
TIC_220525353,
TIC_220538050,4.465661499944181
TIC_220554203,1.305157872274561
TIC_220563149,
TIC_220570421,10.931424710655891
TIC_220614593,9.920680690986694
TIC_220616167,6.518936004731713
TIC_224292441,6.4281835375953635
TIC_224308090,13.213804848495704
TIC_224310681,4.184674327032368
TIC_224312054,3.7754459385440984
TIC_224598071,12.813445976553007
TIC_224601836,6.197850459988988
TIC_224605278,8.13852249040554
TIC_229092982,
TIC_229147944,
TIC_229405342,2.472133191510045
TIC_229441400,2.205264155872998
TIC_229489199,2.138115767724877
TIC_229504417,
TIC_229533585,
TIC_229553174,
TIC_229582807,5.9899415688632445
TIC_229594218,2.829889075476566
TIC_229606609,9.543445884994098
TIC_229613892,
TIC_229639858,5.443912801799908
TIC_229646945,
TIC_229669811,11.054960562279648
TIC_229673565,8.956307000062308
TIC_229675701,
TIC_229676324,9.279630105333387
TIC_229684208,12.082872861938977
TIC_229685723,10.602421100910652
TIC_229689153,
TIC_229713743,6.965350780395259
TIC_229738522,13.697015102857478
TIC_229739896,
TIC_229747669,4.164693870941099
TIC_229748825,
TIC_229752137,3.2239452325088513
TIC_229786139,3.6626794335702617
TIC_229795273,2.526710317819101
TIC_229795998,4.56488458388509
TIC_229802943,8.990624867033976
TIC_229849701,
TIC_229914817,
TIC_229940532,11.181696231001034
TIC_229969898,
TIC_229977160,11.003529230454212
TIC_230005218,
TIC_230024912,2.602796734823315
TIC_230070108,
TIC_230070344,11.49595602225124
TIC_230074954,3.4345798215781134
TIC_230075248,
TIC_230076586,7.623840768394355
TIC_230079797,10.035125611564334
TIC_230080609,
TIC_230080910,
TIC_230082687,
TIC_230088835,
TIC_230092485,
TIC_230111524,7.995591945763574
TIC_230112519,11.442389264174459
TIC_230116331,12.042248144205171
TIC_230129250,
TIC_230129966,9.733660316206533
TIC_230200297,5.567625398288638
TIC_230200871,3.9106086901534503
TIC_230238167,
TIC_230295593,
TIC_230382377,10.766125575699805
TIC_230385952,5.787129126893777
TIC_230392898,
TIC_230394278,
TIC_230394694,5.568707351068876
TIC_231016984,
TIC_231053750,4.442714856150197
TIC_231063412,15.179977784655666
TIC_231065613,8.585566491602764
TIC_231071120,8.573007885768021
TIC_231077890,4.6196081202608505
TIC_231091547,
TIC_231098685,2.290609056419449
TIC_231272485,6.112119387266709
TIC_231274592,
TIC_231722966,13.810033758816765
TIC_231737189,2.5370924355784257
TIC_231803967,8.162227015139049
TIC_231813167,8.475922088768275
TIC_231828182,9.007597519298544
TIC_231828422,3.295227644387286
TIC_231856135,8.779247146256543
TIC_232080070,8.635645406328754
TIC_232522304,6.986890907017959
TIC_232523752,4.385925624536421
TIC_232524220,9.632786005704784
TIC_232614734,
TIC_232614964,14.393783596378396
TIC_232617075,1.8590617164219938
TIC_232620788,4.535901678035385
TIC_232620952,5.189160181405769
TIC_232623464,
TIC_232635891,
TIC_232647621,4.843131832763704
TIC_232682595,10.112140080455193
TIC_232962792,2.6902308475653447
TIC_232967539,
TIC_232968276,
TIC_232968708,
TIC_233007430,10.878365945552407
TIC_233049900,
TIC_233051228,8.548604273727866
TIC_233055967,
TIC_233077177,
TIC_233085151,
TIC_233085869,
TIC_233124467,11.705791222861022
TIC_233152526,9.016265632092665
TIC_233153706,5.877500026522985
TIC_233158962,
TIC_233160374,3.047971587177242
TIC_233166655,7.467763377591594
TIC_233169301,10.159452565971684
TIC_233176858,
TIC_233180127,
TIC_233185497,9.363015146843319
TIC_233186332,5.415675881306019
TIC_233189161,11.473593140848411
TIC_233190759,6.811509048186137
TIC_233193823,6.242941512390604
TIC_233205718,2.951518643975271
TIC_233424718,10.030772163025093
TIC_233460011,8.986802487325495
TIC_233494936,3.6725969841426176
TIC_233494956,
TIC_233514028,6.103008365738763
TIC_233521372,
TIC_233522055,
TIC_233529444,1.7111640391289213
TIC_233537824,5.2819629319782875
TIC_233539061,2.562772588880282
TIC_233539590,7.002967710431494
TIC_233573215,5.07479584284645
TIC_233580065,
TIC_233614532,5.557304797010577
TIC_233623612,1.4118307312156757
TIC_233646652,
TIC_295598663,25.27977098302955
TIC_296757803,4.909023176560135
TIC_296805612,
TIC_297269362,
TIC_297541952,
TIC_297822958,7.521445740618351
TIC_297850978,
TIC_297962605,
TIC_298108181,
TIC_298159489,6.952730653740345
TIC_298263539,
TIC_298320798,6.331739579624289
TIC_298356285,
TIC_298363636,6.910327946373337
TIC_298496606,8.214650948049348
TIC_298537261,
TIC_298733302,
TIC_298781775,5.364892428293756
TIC_299088361,2.7314511707371016
TIC_299155541,
TIC_299802045,3.795483304217964
TIC_299833107,8.164585537664994
TIC_299897380,
TIC_300011376,
TIC_300039724,8.17394234340317
TIC_300085625,
TIC_300088321,4.874705664048008
TIC_300157797,4.204532740434122
TIC_300241371,
TIC_300328258,13.597253963539858
TIC_300330109,5.890479855860846
TIC_300444376,4.7899404786752875
TIC_300448273,3.212789177104405
TIC_300556408,12.634982024534121
TIC_300556816,
TIC_300560731,3.1192823472446873
TIC_300561691,
TIC_300703844,
TIC_300708926,
TIC_300709762,5.188095468877756
TIC_300940126,1.6465839737945764
TIC_301861807,
TIC_301867609,10.54229626641123
TIC_302206990,9.853917653668763
TIC_302261616,4.825217776329875
TIC_302303498,3.3890391495426253
TIC_302330479,5.298214468600613
TIC_302440596,
TIC_302501968,
TIC_303156867,9.8326339912222
TIC_303337836,
TIC_303339838,2.1419510997493916
TIC_303438002,5.686158084170624
TIC_303470984,8.372917250634718
TIC_303980842,
TIC_304133090,4.969172565585478
TIC_304178155,
TIC_304216847,6.015717515440935
TIC_304405981,
TIC_304498801,4.628433722744328
TIC_304550604,
TIC_305168532,3.071828553550288
TIC_305260539,
TIC_305544030,3.68866001025976
TIC_305725166,
TIC_305795749,4.863938937421937
TIC_306577373,
TIC_306666732,
TIC_306690965,11.711645601196674
TIC_306898941,10.018169798921216
TIC_307125717,6.530516439048337
TIC_307250539,1.6865147485727507
TIC_307325401,5.415148160849195
TIC_307807878,
TIC_307984288,
TIC_308234803,
TIC_308457039,3.3180723448384506
TIC_308519636,
TIC_308616873,4.332614257756495
TIC_308821405,4.339314404317616
TIC_309029591,1.0912750330180503
TIC_309436331,
TIC_309552570,
TIC_309780483,3.5341002158502244
TIC_309807304,6.161887819297978
TIC_309854901,1.4679971509145706
TIC_309855268,
TIC_310028784,
TIC_310054248,1.5147049777693593
TIC_310104035,
TIC_310133917,1.3765392610952583
TIC_310307848,2.3814558845513654
TIC_310380391,9.88508587981672
TIC_310478750,5.8044307418391545
TIC_310512172,7.044975818306604
TIC_310666112,
TIC_310764588,4.399568829617184
TIC_310836777,16.441396483448827
TIC_311070321,
TIC_311088345,7.860231785543762
TIC_311844434,8.422927887637895
TIC_311864730,10.414019830386406
TIC_311884863,
TIC_312485893,
TIC_312848710,3.1868701280059546
TIC_312885596,5.396455015129382
TIC_313008241,3.569352131045155
TIC_313027441,
TIC_313056563,3.4272537452434535
TIC_313110355,
TIC_313144297,9.91791986889444
TIC_313275161,
TIC_313303666,17.46692440780179
TIC_313422570,12.162912550413491
TIC_313484098,
TIC_313485965,1.6903504258095796
TIC_313550416,
TIC_313551384,14.155802613222255
TIC_313553792,
TIC_314149533,
TIC_314369052,
TIC_314579347,2.8435145050662602
TIC_315330870,
TIC_315923151,
TIC_316172478,11.471015231025909
TIC_316185121,
TIC_316332568,
TIC_316632108,
TIC_317019578,
TIC_317099861,10.282607409540077
TIC_317130136,
TIC_317181516,
TIC_319063231,
TIC_319246375,7.383454790430965
TIC_319437757,2.672019119083727
TIC_319506938,
TIC_319518192,4.011254886960077
TIC_319555742,
TIC_320279714,11.41097221455525
TIC_320324154,12.332425345526756
TIC_320419323,
TIC_320495794,
TIC_321107985,
TIC_321219021,
TIC_321297169,11.565779313236188
TIC_321448869,4.07954798757894
TIC_321601485,
TIC_321671083,8.778917104489862
TIC_321723859,3.9028122520236437
TIC_321863578,
TIC_321908147,
TIC_321983989,
TIC_322586023,1.818715113764718
TIC_322736182,2.7797673978312605
TIC_322769378,
TIC_322784020,
TIC_322810819,
TIC_322953678,
TIC_323474457,3.3498140444880153
TIC_323495408,
TIC_323523846,
TIC_323735258,
TIC_323973835,6.487923497603964
TIC_325220689,
TIC_325376866,10.124897382560093
TIC_327251785,5.900749190526949
TIC_327595545,6.136513396888649
TIC_327670036,
TIC_327938692,
TIC_328899669,
TIC_329086093,4.090836722615701
TIC_329248278,
TIC_329331867,
TIC_329637339,
TIC_329709914,1.6620313182277038
TIC_329769218,
TIC_331153739,2.800090319177031
TIC_331355697,
TIC_331747429,4.801451786928572
TIC_331868017,5.38306916462624
TIC_331868510,7.574330947098378
TIC_332277745,
TIC_333015696,
TIC_333731944,
TIC_334799128,7.7996904140235355
TIC_334832548,10.569594759615676
TIC_334833530,6.27412938211006
TIC_335721422,
TIC_335916346,5.244138873417778
TIC_335966219,
TIC_336074536,1.6484459911123661
TIC_336118727,
TIC_336258298,4.6722183241829445
TIC_336319206,
TIC_336813972,
TIC_337007583,7.1010742859114035
TIC_337185057,
TIC_337220441,7.066301239501701
TIC_337418079,8.201760149409765
TIC_337546639,6.158473137477818
