TIC,mass_pred
TIC_872755,1.114770280555788
TIC_992137,1.3943092710373113
TIC_1713395,1.0989925701135674
TIC_1713457,1.1288522039911066
TIC_1828620,0.9714402016397138
TIC_2020365,1.173528481330485
TIC_2143575,1.6024161449972523
TIC_2835941,1.057420087469524
TIC_3095329,1.1579565859537808
TIC_3308690,1.0340695583793769
TIC_3662563,1.1164662057399743
TIC_3717225,1.066402213928517
TIC_3755225,
TIC_4000387,1.5853576316187086
TIC_4248151,1.4604018278705226
TIC_4375457,
TIC_4588120,
TIC_5671350,1.0980139985835322
TIC_7802263,1.2511158620173475
TIC_7985934,1.2028740266204085
TIC_8995067,1.3317584869263404
TIC_10747908,1.0764681778853211
TIC_12810761,1.0696776813384836
TIC_13002588,1.0949589113810436
TIC_13434305,1.3064868916089933
TIC_14341652,
TIC_14601264,
TIC_16326334,1.608407964277124
TIC_17657588,
TIC_17661643,
TIC_18319134,
TIC_18385743,1.1164328170833695
TIC_18532769,
TIC_18631875,
TIC_19029779,
TIC_19064095,
TIC_19112687,
TIC_19911846,1.0759407551897346
TIC_20231212,1.0987410246476108
TIC_20530242,
TIC_20995501,1.1936850236431216
TIC_21119523,
TIC_21151196,1.0440274676995687
TIC_21227177,
TIC_21969291,
TIC_23747667,
TIC_25161053,0.992237515986866
TIC_26699664,1.4378502900866243
TIC_26774737,
TIC_26966422,1.153409108707425
TIC_26967802,1.030386179063492
TIC_27006649,1.2841266131698286
TIC_27186427,1.234106341907398
TIC_27239501,
TIC_27543613,1.1442430682825357
TIC_27548343,
TIC_28912737,
TIC_28960026,
TIC_29370344,
TIC_29521909,1.1000869970160128
TIC_29868657,1.01414617767305
TIC_29987134,1.2758616016951319
TIC_30853028,0.9765292207878353
TIC_31190175,1.1509238771884878
TIC_31506424,
TIC_31508240,1.3008885823935055
TIC_31511890,
TIC_31655134,
TIC_31705248,1.14336046715749
TIC_31778786,
TIC_31795900,1.2347156063806162
TIC_31852879,
TIC_31960529,1.0497144930126006
TIC_32072326,
TIC_32645011,0.9605627099284697
TIC_32681771,1.5437880004513582
TIC_33834943,
TIC_33839693,1.0971227425358376
TIC_34884074,1.0916085518827856
TIC_38515329,1.222483418289679
TIC_38516267,
TIC_38573074,
TIC_38586863,1.3566757265971505
TIC_38632722,1.0468141266842284
TIC_38823638,
TIC_38846146,1.195988219151077
TIC_40456260,1.0626020245608006
TIC_40622210,
TIC_40793484,1.3256242822354014
TIC_41173048,
TIC_41259424,
TIC_41338480,
TIC_45410088,
TIC_47971007,1.1827036100522341
TIC_48023276,1.280614328736294
TIC_48309786,
TIC_48432406,1.267502613964895
TIC_48447365,1.2522422832419797
TIC_48784515,1.1019245036707008
TIC_48874795,1.4386150762341317
TIC_49003307,
TIC_50272813,1.2550092362616099
TIC_50381965,
TIC_51904348,1.3240003505569211
TIC_51909321,
TIC_51991640,
TIC_52054736,1.1377808181562181
TIC_52059209,
TIC_53194797,1.6985451272629528
TIC_53668717,1.207494624773498
TIC_55385407,
TIC_55398886,1.1025105009734162
TIC_55399286,1.2668581488284072
TIC_55478023,1.0941596437202252
TIC_55478222,1.2480632164702867
TIC_55478693,1.1198112014472728
TIC_55497082,
TIC_55523592,1.102168198154574
TIC_55526024,1.0139547895722103
TIC_55557848,1.0798971225738423
TIC_55559067,1.0118023643241874
TIC_55664116,1.474511110408206
TIC_55748603,
TIC_55755059,1.2967052336961842
TIC_55761670,1.1797116321841257
TIC_56976008,0.9538785470829717
TIC_57607316,
TIC_58341644,
TIC_59492462,1.1425049739033821
TIC_59713507,1.4213283316660268
TIC_60145709,1.4495356038887648
TIC_60998516,1.0935887328646816
TIC_61017000,
TIC_61877025,1.9624101281967576
TIC_62598633,
TIC_63309193,
TIC_63456028,1.1827219499463812
TIC_64366713,1.3090917281293841
TIC_66287504,1.1127268646237982
TIC_67749159,
TIC_68197238,1.6160414553145923
TIC_69292626,1.0518341828057283
TIC_69367836,1.2523899884785066
TIC_70547057,
TIC_70676013,1.1018388337542053
TIC_71232752,1.3098953860593836
TIC_71738687,1.0729388662418438
TIC_75938449,
TIC_76090277,
TIC_76188657,1.0504267843535047
TIC_76196131,0.9693385251398786
TIC_76569867,
TIC_77644776,1.0896846216173217
TIC_78106977,1.0680966317241434
TIC_79548028,
TIC_79703670,
TIC_79705703,1.1052904646405552
TIC_79896346,1.384261973575509
TIC_80312692,1.0898390410137266
TIC_81008547,1.0901208724281686
TIC_82132800,1.6558575664931916
TIC_82350426,1.1731484184282137
TIC_82359031,
TIC_83540938,1.4220589000932213
TIC_85517670,
TIC_85791699,
TIC_86016650,
TIC_86119217,1.0354594460011612
TIC_86369354,1.4660259950806007
TIC_86375079,
TIC_87144474,
TIC_87316852,
TIC_89296598,1.6542453139356585
TIC_90591154,1.101008124480339
TIC_90801126,
TIC_91790437,1.2303500458103143
TIC_91987997,
TIC_93714388,
TIC_95076851,1.2107545598005103
TIC_95162597,1.2994576058718887
TIC_95663199,1.2255773521515172
TIC_96801217,0.9750333386271374
TIC_96861698,1.371661612109568
TIC_97807056,
TIC_99319677,0.9895388131246845
TIC_99644109,1.1137687590349263
TIC_99654411,1.0185232069579797
TIC_99905293,0.9642766641089805
TIC_99919259,
TIC_99921120,0.9659688333833383
TIC_99971936,1.4049191635944345
TIC_100011651,1.1894487844496997
TIC_100014010,
TIC_100015126,1.0400653219926475
TIC_100663923,
TIC_101014719,1.0555686877169408
TIC_101767462,
TIC_101927602,
TIC_102070580,1.110421213328647
TIC_102886565,
TIC_159762838,0.9675255386724337
TIC_159854029,1.2050206923879752
TIC_159854769,1.146319144299993
TIC_159939904,1.1526306932550205
TIC_159943982,1.3632606530291125
TIC_159980985,
TIC_160067359,1.2918636303974433
TIC_160196097,
TIC_160226383,
TIC_160268710,
TIC_160297263,1.3156161580338033
TIC_160419156,
TIC_160439883,1.1404748104291496
TIC_160472962,1.0605512098632954
TIC_160489074,1.027958404171835
TIC_160491259,1.0614155590251935
TIC_160492937,1.1485288503132975
TIC_160536270,1.1677507740339954
TIC_160551662,0.9688239529317665
TIC_160552281,1.0694728523563168
TIC_160585774,
TIC_160602762,1.161507993401234
TIC_160603568,1.2018355992029686
TIC_160946910,
TIC_161002783,
TIC_161025306,
TIC_161026891,
TIC_161044231,1.1147860453278116
TIC_161058709,1.1528486365176596
TIC_161686782,1.4320762130842501
TIC_161721465,1.064019308969664
TIC_161732839,1.3653577759593392
TIC_161826896,1.3427544719399749
TIC_162146411,0.9999050488826485
TIC_162492265,1.330443441146562
TIC_162519445,
TIC_162691719,1.165790320999879
TIC_162692735,1.0225741127279446
TIC_163354593,1.398331059084925
TIC_163386233,
TIC_164323968,1.1286478774717934
TIC_164374883,
TIC_164409264,
TIC_164656364,1.3942875646420467
TIC_164670275,
TIC_165286030,
TIC_165412165,
TIC_165416852,1.1530471972757308
TIC_165466021,
TIC_165498199,1.5163892537675114
TIC_165530450,1.090976089327707
TIC_165626458,
TIC_165627514,1.0682150622186772
TIC_165639433,
TIC_165721718,1.0292582755734425
TIC_165884080,1.046369748536729
TIC_166013497,
TIC_166064264,1.3568570905640658
TIC_166086376,
TIC_166767473,1.0886218875593512
TIC_167795786,
TIC_167799987,
TIC_167810464,1.334654808428743
TIC_167904255,1.1507960506385964
TIC_167977224,1.3701004977089344
TIC_168700732,
TIC_168708182,1.2359404475166478
TIC_168708413,1.095646418741706
TIC_168809388,0.9747461308601645
TIC_168809741,1.357664617458036
TIC_169249207,
TIC_170574878,
TIC_171393734,1.2078759187097599
TIC_171520453,1.142813599149479
TIC_172411691,1.050554686272824
TIC_175292843,
TIC_175409488,
TIC_176956040,
TIC_177115013,1.2265625656123949
TIC_177241155,1.0914229923510448
TIC_177283605,1.1078046757045592
TIC_177310977,
TIC_177349660,
TIC_178219488,1.7113262246172427
TIC_179638714,1.2372138265643124
TIC_180893973,
TIC_181021137,
TIC_181150842,1.260040591516524
TIC_181165209,1.240500624511622
TIC_181205079,1.7198633699733121
TIC_181219375,2.091116189066609
TIC_181233533,
TIC_182161229,1.5397826178159064
TIC_182747470,1.1110851426199166
TIC_183291816,
TIC_183306127,1.080194140928027
TIC_183618947,1.2398409881373558
TIC_183979379,
TIC_184561799,
TIC_184783339,
TIC_185166645,
TIC_185191335,
TIC_185240401,
TIC_185247253,
TIC_185331435,1.0274543585605005
TIC_185990643,
TIC_186812304,1.609507528862245
TIC_188036547,1.2246937994874427
TIC_188308561,
TIC_188632911,1.0707819941975685
TIC_188770072,1.1806068011612907
TIC_191327724,1.5088601745109684
TIC_192832113,1.233704180060758
TIC_193160044,
TIC_193291077,1.7435267073128102
TIC_193514772,
TIC_193728463,1.2726341477511953
TIC_193729604,
TIC_193774688,1.038007384884196
TIC_193974158,1.702948761955967
TIC_194243076,1.3864649591481502
TIC_194992101,1.5376652142287615
TIC_195138785,1.1613609602087736
TIC_195376497,1.0525605933528113
TIC_195711245,
TIC_197477797,
TIC_197583074,
TIC_197793057,1.000494739287336
TIC_197847423,1.095120779789249
TIC_197879853,1.0052673575767053
TIC_197880458,1.2499573962242432
TIC_197882175,1.0214794471556439
TIC_197883936,
TIC_198037452,
TIC_198083041,1.1443232362307871
TIC_198155740,1.2164296202168468
TIC_198159527,1.083691973273742
TIC_198180316,
TIC_198208765,1.2759299554855439
TIC_198210171,1.1373441402519462
TIC_198235935,1.161619238676965
TIC_198240299,
TIC_198314359,1.0059266139634384
TIC_198356573,1.0078301442370563
TIC_198362570,1.0864704044291782
TIC_198362724,
TIC_198365901,0.9829269044374978
TIC_198383789,1.0788906141091612
TIC_198407490,1.0366558603012646
TIC_198491466,1.187446218747687
TIC_198507982,
TIC_198513366,1.2573066503063588
TIC_198514070,
TIC_198560350,0.9886323701372475
TIC_198587057,1.0696960212326307
TIC_198614627,1.124818319150299
TIC_198753166,
TIC_198838018,1.0269762400323987
TIC_199523378,1.1151904023090422
TIC_199548781,1.130948127291271
TIC_199573323,1.2091364786738785
TIC_199608168,1.0355143400678894
TIC_199610976,1.2462801783590975
TIC_199631687,
TIC_199631856,1.0591833552376304
TIC_199709017,
TIC_200376190,1.09620179093351
TIC_200377325,1.1769655721980161
TIC_200509127,1.1309097516908466
TIC_200655425,1.1211624371140636
TIC_200863732,1.0425100298824623
TIC_201860855,
TIC_201878303,1.006310972923106
TIC_201897982,1.3176251552603386
TIC_201924718,1.0233217774537242
TIC_202278566,0.9718716664918824
TIC_202421707,1.2576080212450105
TIC_202422034,0.9497935743315499
TIC_202466788,
TIC_202506277,1.0002172290534328
TIC_202511282,1.034493888259028
TIC_206356201,0.9811706711493384
TIC_207137122,1.0919187222021565
TIC_207203189,1.5523237137882955
TIC_207363233,
TIC_207384918,
TIC_207398184,
TIC_207401649,0.9966297196499666
TIC_207461550,
TIC_207495585,1.1323424868324503
TIC_207497136,1.0290415633447942
TIC_207499134,1.300364513637465
TIC_208383886,
TIC_219003079,
TIC_219004896,
TIC_219006267,
TIC_219010723,1.088459089594867
TIC_219018221,1.118797771556787
TIC_219035650,0.9546971093173585
TIC_219093356,
TIC_426643352,1.2064062462676495
TIC_426825464,1.10689717754513
TIC_427110585,
TIC_427321672,
TIC_427528756,1.0321616566789347
TIC_427693430,1.2033417818521601
TIC_429004910,
TIC_429030762,
TIC_429051149,
TIC_429307624,
TIC_429668055,1.57224490878121
TIC_429825885,
TIC_430537546,
TIC_431479944,
TIC_431591408,1.0856744027769065
TIC_433699099,1.0728226842685789
TIC_433884861,1.413113503668808
TIC_434368864,1.3741959719339911
TIC_434972994,1.0768966656450836
TIC_435259947,1.0619472024087482
TIC_435334037,1.7025144330655342
TIC_435909708,
TIC_436347553,1.3037951761208664
TIC_436637382,1.2786095993036195
TIC_436658445,
TIC_436854102,
TIC_436868044,
TIC_436934707,1.4076325634950762
TIC_438365916,1.3196121854390042
TIC_440703303,
TIC_441570210,1.0539535962442865
TIC_441571202,1.088469440329646
TIC_441581077,
TIC_441590121,1.0334748935924412
TIC_441600983,1.180599314464776
TIC_441606296,1.2865601632439063
TIC_441609314,
TIC_441629388,1.0256685804565644
TIC_441660868,1.2961050323966832
TIC_441686108,1.2326623327555226
TIC_441687079,1.0490887508981854
TIC_441689199,1.2146275246317482
TIC_441691246,0.9825107898254988
TIC_441703000,
TIC_441707427,
TIC_441725988,1.3197025722255356
TIC_441761700,
TIC_441790929,1.0310126497490446
TIC_441797545,1.03837918227253
TIC_441799643,1.2052871672814618
TIC_441800221,1.0179611520102263
TIC_441802597,
TIC_441804365,0.9654584316169088
TIC_441813918,
TIC_443611410,1.2456460827997458
TIC_443886210,1.0545457235938127
TIC_444044903,1.070559704631248
TIC_444093913,
TIC_444630988,1.2012985166590266
TIC_445293761,
TIC_445329934,1.101694702284723
TIC_445392679,1.1960168595337177
TIC_445586826,1.6583323719079217
TIC_445794505,
TIC_445804831,
TIC_445856504,1.2900301936918672
TIC_445859383,
TIC_446155547,
TIC_446157188,
TIC_446172447,
TIC_446346728,
TIC_446668698,1.2924491849047692
TIC_446727999,
TIC_447337801,
TIC_447551565,
TIC_447823435,1.328794445992878
TIC_447939179,
TIC_448333264,1.4873720491098927
TIC_448695689,1.1165785564339827
TIC_449671536,1.318119949274386
TIC_451599588,0.9692208483396249
TIC_451606344,
TIC_452283444,
TIC_452377101,1.0109786769686964
TIC_452377786,
TIC_452495510,1.2219062831755396
TIC_452510997,1.129181292036906
TIC_452567678,1.6910146159872779
TIC_452697707,0.9809942564415284
TIC_452910671,1.3653530402469465
TIC_453095415,1.2175874453698132
TIC_453097231,1.3924012562827273
TIC_453102450,1.3388613206636037
TIC_453239880,
TIC_453401266,1.4027734211023608
TIC_453453566,1.0825142003454977
TIC_453585488,
TIC_453746453,1.5687503298824703
TIC_454268353,1.039055899243417
TIC_454295971,1.0438680864824872
TIC_454668455,1.134882888772685
TIC_454748201,
TIC_454854466,
TIC_455272199,
TIC_455867811,
TIC_457017274,
TIC_457089746,
TIC_458483231,1.1340853922934246
TIC_458484258,1.2962405874533376
TIC_458613101,1.4962066022288578
TIC_458685167,1.1113793848668363
TIC_458685648,1.5826270223653398
TIC_459186567,1.043833064821609
TIC_459220068,1.1270019850262287
TIC_459220381,1.2542337680678795
TIC_459307286,1.15864340242802
TIC_459893459,
TIC_459893929,1.1656211668803
TIC_459909838,1.1646219818117063
TIC_459926477,
TIC_459957072,1.0698480790536247
TIC_459978312,1.458764665717035
TIC_459984696,
TIC_461167379,0.9823451026996078
TIC_461499000,
TIC_461513366,
TIC_461537767,
TIC_461636387,0.9943570801642803
TIC_461652875,
TIC_461736510,1.2296743212035626
TIC_462197287,
TIC_462507471,
TIC_462511589,
TIC_462518592,
TIC_462543135,0.9592895946738029
TIC_462544179,1.3050950757860091
TIC_462546411,
TIC_462618497,0.9713691031459653
TIC_464375439,1.3192037239643404
TIC_467335635,
TIC_467356520,
TIC_467543861,0.9755714260967862
TIC_467934911,1.353203990915881
TIC_467969559,
TIC_468263946,1.1535461805738179
TIC_468264519,
TIC_468377266,
TIC_468585397,1.121850459499151
TIC_468701602,
TIC_468920804,
TIC_469347830,1.0400546949032992
TIC_469468503,1.005561072237629
TIC_469521730,1.002381813902507
TIC_469854402,1.1090324562482827
TIC_469905944,1.0205116032075279
TIC_470022296,0.9814464730095402
TIC_470119413,
TIC_470169809,0.9851372385293691
TIC_470204742,
TIC_470235690,
TIC_470696071,1.1151145932260436
TIC_470913104,1.0437622929287151
TIC_470917347,
TIC_378687599,
TIC_378913374,1.336567031309724
TIC_378939909,
TIC_379364030,0.9733904358355503
TIC_379377074,
TIC_379602223,1.1929912857430773
TIC_380037612,1.0774140139604604
TIC_380394028,1.1747045961313132
TIC_380527368,1.0653375956348463
TIC_381003569,
TIC_381205959,1.0808757694733053
TIC_381360549,1.1509240153657723
TIC_381975295,
TIC_381975502,
TIC_381978020,1.6665227927720392
TIC_382028854,
TIC_382033285,1.009873635538474
TIC_382043798,1.0980540699960868
TIC_382043962,1.79718928783365
TIC_382044361,1.0340148401746474
TIC_382067256,1.2605890391421304
TIC_382159212,
TIC_382160281,
TIC_382187278,
TIC_382198789,1.3866668989689102
TIC_382200050,1.0482641088632731
TIC_382260143,0.9885682307540178
TIC_382276084,1.2018577138493016
TIC_382426322,1.1171087803599766
TIC_382579369,1.101531766142954
TIC_382903517,1.0770790973455624
TIC_383553523,1.0921009906022079
TIC_383720597,1.0955611633570645
TIC_383946834,
TIC_384526619,
TIC_384741153,
TIC_387018319,1.1293550185684504
TIC_387087232,
TIC_387290231,1.2961161839316346
TIC_387412503,1.16516416435361
TIC_387701104,1.1165945221911477
TIC_388135434,
TIC_388180971,1.1433797366079157
TIC_388205206,1.1531567467393316
TIC_388320750,0.9989143428747052
TIC_388436597,
TIC_388606621,
TIC_388761462,1.2807401203116295
TIC_388816797,
TIC_389086433,
TIC_389371996,1.1432834019173579
TIC_389424817,
TIC_389876025,0.9768265280581604
TIC_390017653,
TIC_390198316,1.0636656756134786
TIC_391891312,
TIC_391904102,
TIC_391946816,
TIC_392567622,
TIC_392571044,1.176854125937144
TIC_393489565,
TIC_393961551,1.08544857084747
TIC_394128404,
TIC_394151928,
TIC_394225555,
TIC_394239976,1.017819105761585
TIC_394323335,1.2367551250850997
TIC_394341775,
TIC_394558419,
TIC_394577535,1.2257497659988574
TIC_394584352,1.2012487351518313
TIC_394679100,1.4309668504734891
TIC_394729489,1.5060245505212502
TIC_394914058,
TIC_394921606,1.0349902461887064
TIC_395390452,1.2480839100888625
TIC_395393368,1.421234069634739
TIC_395400225,1.2524248436985645
TIC_395404732,
TIC_395609561,1.2789777004495881
TIC_395732531,1.5802300484465928
TIC_396108464,1.0876177281085095
TIC_396203066,
TIC_396203108,1.385751110172401
TIC_396452770,1.1505738113185613
TIC_396472479,
TIC_396532068,1.2060564881562208
TIC_396544264,
TIC_396662070,1.1185239544248557
TIC_397042227,1.0189587417592603
TIC_397121536,1.0169790381170751
TIC_397143059,1.1941913868643672
TIC_397148644,
TIC_397149515,1.2733493062707562
TIC_397726678,
TIC_397920546,
TIC_398229478,1.117019455026223
TIC_398238180,1.3804877992220248
TIC_398238189,1.2133512250187484
TIC_398267218,1.047452606231976
TIC_398285028,0.9969102446609899
TIC_398285684,1.4817735828747631
TIC_398306318,1.004165481662459
TIC_398337480,1.0837730582167007
TIC_398940200,
TIC_399718508,1.2999884013493783
TIC_399735209,
TIC_399762693,0.9640607055746122
TIC_399924619,1.1077697042899661
TIC_399948581,1.0781540914971546
TIC_400093704,1.0707056449670025
TIC_400106146,
TIC_400157138,
TIC_400335656,
TIC_401278539,
TIC_401361966,0.9692530813316671
TIC_401501843,
TIC_401574714,
TIC_401826612,
TIC_403069041,1.0238197181413906
TIC_403123914,2.182692405664422
TIC_404849302,1.026161672377696
TIC_404853236,1.0670915427170231
TIC_405413133,1.419316608578512
TIC_405527245,
TIC_405559623,1.3488955854951472
TIC_405580462,1.3687021624304279
TIC_406319088,
TIC_406533529,1.4181567107662756
TIC_406536209,
TIC_406807534,1.4153048823495369
TIC_407113246,
TIC_407623738,1.067446595530769
TIC_407965884,
TIC_409321615,1.0139349674126459
TIC_410118032,1.2089462273952445
TIC_410162322,1.3283179227843356
TIC_410585410,1.3448874204716452
TIC_410931340,
TIC_411679817,1.1467721773701414
TIC_411752883,1.1216028332434504
TIC_411886725,1.0217162327752833
TIC_411932148,
TIC_413103252,1.006393502446768
TIC_413117060,
TIC_414827734,
TIC_414863222,1.4993581999839032
TIC_415009572,
TIC_415590003,
TIC_415703017,1.0071282036309315
TIC_416106483,1.0401118500528672
TIC_416267693,1.26579912043398
TIC_416282724,
TIC_416402484,1.294306042660097
TIC_416670255,1.06311299159794
TIC_417670552,
TIC_417742791,1.267103146575306
TIC_417921531,1.2272828366914885
TIC_418261773,
TIC_418301218,1.1281039111867603
TIC_418352251,1.0444350655662034
TIC_418429142,
TIC_418654411,1.2713010431424283
TIC_420287251,1.2123831863662766
TIC_420304740,1.3983408822337078
TIC_420498917,0.9822617692353803
TIC_420536861,
TIC_420656048,0.9744211630097626
TIC_420729120,
TIC_420802447,1.4227901970915533
TIC_420889920,1.237527887830404
TIC_421252164,0.9921005446130438
TIC_421896993,
TIC_422053386,1.5438073955174973
TIC_422156556,1.0977044312195856
TIC_423124005,
TIC_423385799,
TIC_423386494,
TIC_423443090,
TIC_424387147,
TIC_424437957,1.149829249300901
TIC_424438735,1.1277809280646292
TIC_424518918,
TIC_424696909,1.2044809279485533
TIC_424731682,1.3905506353475667
TIC_424988021,1.5029877906513371
TIC_424995989,
TIC_425069023,
TIC_425086349,
TIC_425711370,
TIC_425796306,1.2001270496395917
TIC_425813582,
TIC_425852301,
TIC_425934616,1.1710655277583082
TIC_425938647,
TIC_425940120,
TIC_425997700,
TIC_426019989,
TIC_426286197,
TIC_426483393,1.215583121047814
TIC_233727013,
TIC_233736455,1.3165831006891762
TIC_233801268,1.465636008536976
TIC_233832738,1.2681567201073816
TIC_233837609,1.4677459756738913
TIC_233839416,1.053507534846228
TIC_233845020,1.1184794110929066
TIC_233890069,
TIC_234306874,1.2622778042306566
TIC_234343957,1.5995320584653285
TIC_234497281,
TIC_234497780,1.386171483157082
TIC_234516451,
TIC_235061209,1.3231623995371806
TIC_235558207,
TIC_235714953,
TIC_235929979,
TIC_235937657,
TIC_235938726,1.4151357659146717
TIC_235953399,1.0642967689572818
TIC_235983031,1.5106192969605345
TIC_235983493,
TIC_236000210,1.3415040617254936
TIC_236339228,1.0156125150179713
TIC_236389438,1.4788377677920876
TIC_236761202,
TIC_236767893,1.2451259301135684
TIC_236868579,1.6727665720497218
TIC_236876084,
TIC_236889115,1.0825513449119313
TIC_237101581,1.0303844706897909
TIC_237111182,1.595921460893751
TIC_237130078,
TIC_237282368,1.2186057303076197
TIC_237298086,1.2036835382426494
TIC_237308403,
TIC_237314921,1.039949127457811
TIC_237331910,0.9716319665876935
TIC_237337257,
TIC_237342147,
TIC_237909385,
TIC_237919436,0.9937649779378968
TIC_237934406,1.206462189225584
TIC_237955524,0.9851211345949193
TIC_238005820,1.1136926107895015
TIC_238018529,
TIC_238073682,
TIC_238128711,1.3131942148516378
TIC_238159015,1.0114310442755643
TIC_238192783,1.1535849455829534
TIC_238196326,1.1785686171237617
TIC_238198708,1.1005355707283377
TIC_238203650,
TIC_238227102,
TIC_238342082,1.0114783260300642
TIC_238346482,0.9827268488524379
TIC_238378233,0.9973423375917253
TIC_238546119,1.1308994260792105
TIC_238867738,1.108801046981174
TIC_238874890,1.0635665773772274
TIC_238891740,
TIC_238915288,0.9881259378273595
TIC_239931874,
TIC_240090986,1.1385904867981007
TIC_240151036,1.7833114648093606
TIC_240174511,1.0931744271189547
TIC_240790853,
TIC_242988608,1.1890488554223642
TIC_243149841,
TIC_243189630,
TIC_243279536,1.232516791249658
TIC_243416139,1.1647820790383538
TIC_244291185,
TIC_245166595,
TIC_247119634,
TIC_247408473,1.132196144526413
TIC_247408804,0.9730550418809414
TIC_247480908,
TIC_247829471,1.4118461164906695
TIC_247866345,1.2332486095532
TIC_248944100,1.1972212818355463
TIC_248963902,1.3463901738118627
TIC_255559203,1.0029152535907622
TIC_255569629,1.2770436141537012
TIC_255616848,1.3903128071175066
TIC_255722709,1.2980497677646685
TIC_255873653,0.9887702459442058
TIC_256557483,1.0684725744310173
TIC_256615403,
TIC_256663870,1.451628399357667
TIC_256747813,
TIC_256771115,
TIC_256801656,
TIC_256868095,1.4477869326665482
TIC_256977031,1.5213533857734336
TIC_257004995,
TIC_257005016,1.1008880232968177
TIC_257022352,
TIC_257046812,1.1685525288859377
TIC_257721857,1.2617520961895572
TIC_258389994,1.0997173350948057
TIC_258548184,1.295688927205863
TIC_258627931,1.0333850029879774
TIC_258748584,1.5612025338846403
TIC_258769833,
TIC_258770213,
TIC_258778547,
TIC_258803329,1.1345062551793876
TIC_258829890,0.994572561358938
TIC_258906153,
TIC_258922669,
TIC_258955374,1.23374380553753
TIC_258957379,1.0387366594695433
TIC_259377427,1.1428053210739701
TIC_259407892,0.9750024120385139
TIC_259477845,
TIC_259513779,
TIC_259543590,
TIC_259590908,
TIC_259593261,
TIC_259594997,1.2880886426822151
TIC_259862052,
TIC_259862594,1.0752076870098446
TIC_259976119,
TIC_260004064,1.2436920016226882
TIC_260004910,1.11598749681802
TIC_260079513,1.1474202413968164
TIC_260189950,1.3825392796828107
TIC_260192754,
TIC_260243101,0.9722005786756831
TIC_260355953,1.1239512064427075
TIC_260401770,
TIC_260503442,
TIC_260507500,1.9258661053654365
TIC_260542038,1.1568924198766783
TIC_260605873,1.3350748924972835
TIC_260655847,1.2266547895287339
TIC_260659557,
TIC_260709282,1.1995721359451417
TIC_260749554,1.4076939895788978
TIC_260755229,1.3660574994481238
TIC_260795727,
TIC_260854773,1.6920959160476796
TIC_260898392,
TIC_260971201,1.4958682939896997
TIC_260981689,1.4067876847687453
TIC_260994536,1.3087777704962562
TIC_261091569,1.1429734074599858
TIC_261107827,0.984436654572948
TIC_261138245,1.444713342269485
TIC_261205435,1.1104726404016871
TIC_261237964,1.3938403852641397
TIC_261259521,0.9745095462256663
TIC_261260594,1.6905585053321526
TIC_261332418,1.185442987282394
TIC_261580883,
TIC_261593405,1.2005026406224684
TIC_262614074,
TIC_262687961,1.2654253948444465
TIC_262883439,1.1397951540505704
TIC_262958781,1.660248941092584
TIC_263078990,0.9880370019023172
TIC_263602077,
TIC_263951758,
TIC_263969664,1.0815316719204926
TIC_264029177,
TIC_264053070,1.3158150736562646
TIC_264053336,1.5577671199868823
TIC_264076313,1.1999415403541362
TIC_264172684,1.3572918779518521
TIC_264175756,1.2566830059743566
TIC_264217214,
TIC_264222470,1.1451563573263497
TIC_264297610,1.164409000369744
TIC_264309181,1.462752700822475
TIC_264871967,1.2643695476679597
TIC_264898884,1.1816567915051432
TIC_264934180,
TIC_265052133,
TIC_265285561,1.0653575434101243
TIC_265306802,1.4430912791247406
TIC_265343271,0.9614267952973697
TIC_265348271,
TIC_266347241,
TIC_266877890,
TIC_266904464,1.1491630589267916
TIC_267061366,1.0226016476923079
TIC_267082653,1.1054426229541199
TIC_267082843,1.1186671563380595
TIC_267084318,
TIC_267210445,0.964857209689737
TIC_267396248,1.1637088183836057
TIC_267484709,
TIC_267548593,
TIC_267819419,
TIC_268322670,1.4673266955459163
TIC_268331113,0.9796997362693092
TIC_268393135,
TIC_102986980,1.203201626120005
TIC_103032255,1.1794022532437487
TIC_103220149,
TIC_103657028,1.0614443124619763
TIC_103683964,
TIC_103689487,
TIC_103805849,
TIC_105799467,
TIC_111750740,
TIC_113329742,1.1186144479847435
TIC_114803441,
TIC_115524349,
TIC_116044700,
TIC_116162002,
TIC_116164903,
TIC_116361759,
TIC_116363657,0.9680418695005326
TIC_116502488,1.24721408094147
TIC_117218706,1.4383319258546996
TIC_118298989,1.1230392489254548
TIC_119246946,1.0877204315157336
TIC_120423284,1.4455073340703433
TIC_121791946,1.0544731679577894
TIC_121988957,
TIC_123091906,1.4398384602278884
TIC_123128041,
TIC_123311202,1.0931787734226361
TIC_123361631,
TIC_123489614,
TIC_123551006,
TIC_123699670,1.121165841299895
TIC_126367263,0.9987888779002245
TIC_127761120,1.0663033669236923
TIC_130203297,
TIC_137119521,1.39869910056343
TIC_137123484,1.105080535660427
TIC_137265970,
TIC_137343525,
TIC_137421889,1.306501510137633
TIC_137700657,1.1107368604931194
TIC_137810576,1.2986957402897163
TIC_137985230,
TIC_138418106,
TIC_138474630,1.0537633386848668
TIC_138485774,1.4358648081216256
TIC_138558958,1.3611886343991961
TIC_138577559,1.1220200658352981
TIC_138589695,1.2050687466791121
TIC_139230733,1.532968894923673
TIC_141006895,
TIC_141155264,1.1266995903195136
TIC_141206921,1.6577050470355186
TIC_141210448,1.0726097405113306
TIC_141413219,
TIC_141606060,1.511039833245643
TIC_141610759,
TIC_141627237,
TIC_141679474,1.0967355697841914
TIC_141757732,
TIC_141805180,
TIC_141860204,1.138720373445691
TIC_141860869,1.0446452206546155
TIC_141875398,1.2800819819047449
TIC_141978023,
TIC_142043413,
TIC_142089212,
TIC_142109390,
TIC_142140058,1.0914695832191212
TIC_142349770,1.0968700037206043
TIC_142382528,1.317592118327731
TIC_142441042,
TIC_142519130,1.1101901181008218
TIC_142519531,
TIC_142634387,
TIC_142725881,1.2883383855626853
TIC_142782752,
TIC_142809647,
TIC_142848077,
TIC_142932172,1.0561470224611427
TIC_142945689,1.4499989876936923
TIC_142963647,1.2965216526119283
TIC_143275486,
TIC_143401454,
TIC_144124311,
TIC_144277475,1.206462867550436
TIC_144313499,1.8204638194172285
TIC_144335025,
TIC_144750454,1.3260674419104819
TIC_145750604,1.1826462727598817
TIC_145979593,1.2172718861363403
TIC_146264536,
TIC_147293226,1.1355625953975494
TIC_147345947,0.9798497214310331
TIC_147613128,
TIC_147628163,1.0944900884157285
TIC_147641744,1.1076950257483875
TIC_147644187,
TIC_147672206,
TIC_147680681,
TIC_147796882,
TIC_147855507,
TIC_147891470,1.0899092099511964
TIC_147893739,
TIC_147898225,1.0223129827830604
TIC_147950938,1.0416440854010047
TIC_148001905,1.4478041545808469
TIC_148096456,0.9951499916700037
TIC_148562084,0.9878793541820796
TIC_148562228,1.0989507526425975
TIC_148618548,1.5346874937441166
TIC_148765586,1.1259704790345937
TIC_148916165,1.0895965650022728
TIC_148916991,1.2331620728882824
TIC_149038292,
TIC_149159039,
TIC_149345278,
TIC_149347992,1.5274725793866288
TIC_149363045,1.1036766042018915
TIC_149390710,1.0214640215460462
TIC_149398070,
TIC_149441771,
TIC_149441973,1.131650557798678
TIC_149451912,
TIC_149894112,
TIC_149901064,1.0841609344163416
TIC_149917324,
TIC_149971055,1.0252315633898663
TIC_149976395,1.23986881201786
TIC_149978296,
TIC_149992479,
TIC_150030411,1.3932343271320045
TIC_150150095,
TIC_150249737,1.2498610788058457
TIC_150316909,
TIC_150322991,
TIC_150326709,1.1255854040653603
TIC_150342503,1.3067270657125003
TIC_150356135,1.0546612146806544
TIC_150393140,1.2043988757646018
TIC_150393390,1.0406055700525656
TIC_150430044,
TIC_150442152,
TIC_153858138,1.2190222029244016
TIC_153893197,1.0522513777128617
TIC_153950008,
TIC_153990174,1.2613289408168258
TIC_153990923,0.9667551123793976
TIC_154010909,
TIC_154068408,1.0543528029812703
TIC_154182988,1.3279118951141176
TIC_154214348,
TIC_154223690,1.0417004366100076
TIC_154344008,1.226619736463927
TIC_154346102,
TIC_154385126,
TIC_154486328,1.0200277566028977
TIC_154490761,
TIC_154653061,1.217247799323308
TIC_155028080,1.3879413080654244
TIC_155360134,1.0964802558468347
TIC_155459659,1.9021304133750563
TIC_155633373,
TIC_155774779,1.006693397400788
TIC_155969363,
TIC_156085643,1.0696793017811856
TIC_156086284,
TIC_156139532,1.229837985916469
TIC_156457345,
TIC_156463699,1.0749133819550682
TIC_156493690,
TIC_156945430,
TIC_157010816,
TIC_157263760,1.0336239491978865
TIC_157321602,1.3864329648259635
TIC_157328623,1.0424019501227073
TIC_157349284,1.0020111973018784
TIC_157649067,1.206728356360573
TIC_157694092,1.0893930801082388
TIC_157765164,
TIC_157977816,1.0073649390042856
TIC_158000309,1.1231057875688093
TIC_158003177,1.3973709530647502
TIC_158088633,1.272037008334707
TIC_158447307,1.2368648629722705
TIC_158447878,
TIC_158587933,1.218569923548533
TIC_158588517,
TIC_158591045,1.4360530181449178
TIC_158714829,
TIC_158781686,
TIC_159105020,
TIC_159145231,1.024216462810393
TIC_159212711,1.2913408617640358
TIC_159332615,1.0635596308282798
TIC_159539923,1.0413754938827484
TIC_159539998,1.0667601433420983
TIC_159546913,1.5013245883604749
TIC_159613699,1.0393767468984214
TIC_159631371,
TIC_159634826,1.443421058056963
TIC_268603238,1.0390190938394093
TIC_268614032,
TIC_268750437,
TIC_268754714,1.0012400926839902
TIC_268830428,1.2879759339834238
TIC_269407885,1.3914482224272136
TIC_269475596,0.9477700810516955
TIC_269573233,1.0088357733917441
TIC_269698397,1.4613812535874082
TIC_269854349,1.191250905157941
TIC_269932980,1.12153557859053
TIC_269935069,
TIC_270023217,
TIC_270243569,1.1396738469562013
TIC_270245797,1.194432424575903
TIC_270247756,0.9951538355108318
TIC_270291867,0.9804905876773339
TIC_270344943,1.042827159312352
TIC_270391245,1.4624847499443565
TIC_270627594,
TIC_270677029,
TIC_270858200,1.440799960582481
TIC_270986100,1.2269698243166036
TIC_271701447,1.0087856778452655
TIC_271775694,1.1010023587190967
TIC_271886778,1.317699538604991
TIC_271903890,1.299537663906391
TIC_272285352,
TIC_272357006,1.082555741461898
TIC_272650711,
TIC_272670678,
TIC_272678898,1.1175460109733875
TIC_272679402,
TIC_272679869,1.068959347881768
TIC_272701896,1.17022971848648
TIC_272760235,1.0559899023269013
TIC_272784360,1.1137043181739845
TIC_273119951,1.1921913837229066
TIC_273279154,1.0689150557812457
TIC_273370115,
TIC_273396767,
TIC_273420262,1.2336450715868474
TIC_273569277,1.2166330925493096
TIC_273606667,
TIC_273652436,1.0015543580756159
TIC_273733875,1.3071907855394609
TIC_273847957,
TIC_274012361,0.999033451694091
TIC_274221551,1.0406193375347472
TIC_274487118,0.97665943403628
TIC_274578213,1.2283894891432345
TIC_274677097,1.010647403209485
TIC_274724250,1.0504425868102423
TIC_274726293,0.949403135571357
TIC_274801993,1.1733003443527088
TIC_274802274,
TIC_275048984,
TIC_275061038,1.2964862509635173
TIC_275178067,1.3752594534054559
TIC_275250249,
TIC_275263852,1.1481405595818026
TIC_275364579,1.1112947826839041
TIC_275492464,1.5638321732276292
TIC_275502466,1.0628763692787278
TIC_275631920,1.1965165085950855
TIC_276078538,1.204932378260714
TIC_276864676,
TIC_276905630,
TIC_276967365,1.3342748962653277
TIC_277276155,1.208814575846882
TIC_277774779,1.2586705700198038
TIC_277810712,0.9823317623108515
TIC_278024624,1.021679779095273
TIC_278268494,
TIC_278326347,1.119923212978855
TIC_278328989,
TIC_278731442,1.116971984848153
TIC_278777449,1.3248225556469946
TIC_278824686,1.1793992259050574
TIC_278865342,
TIC_278899512,
TIC_278957439,
TIC_278960800,
TIC_278987334,1.010582158407978
TIC_279088394,1.5231368525482445
TIC_279088861,
TIC_279090824,1.1575987947174842
TIC_279091008,1.238436648427752
TIC_279249069,1.3473503049551798
TIC_279359927,1.366760947442809
TIC_279477819,1.0468706035089446
TIC_279608372,1.0951087834886255
TIC_279636884,
TIC_279727001,
TIC_279727206,
TIC_279727421,1.020536726350195
TIC_279741867,1.217105131276886
TIC_279834531,
TIC_279953380,0.9700862903582289
TIC_279979689,1.0637967681719167
TIC_279980795,1.1798457772043978
TIC_280033832,
TIC_280051835,1.0061670424387648
TIC_280096428,1.030538500677484
TIC_280238605,
TIC_280726888,1.015226246699461
TIC_280933758,
TIC_281563487,1.1380218119022545
TIC_281597433,1.072042409703617
TIC_281631335,
TIC_281637751,1.1769665143158663
TIC_281678926,1.163426057412885
TIC_281692029,
TIC_281797748,
TIC_281924940,1.047099776816356
TIC_281982431,
TIC_282230756,
TIC_282924596,1.2184034324820767
TIC_283771694,
TIC_284181945,1.3336895521643217
TIC_284182668,1.1000551659942532
TIC_284190466,
TIC_284203323,1.4040128336611393
TIC_284555713,1.081939219540842
TIC_284627497,1.0074085779030986
TIC_284660452,
TIC_284679169,
TIC_284902257,1.383637098209516
TIC_285971448,1.144026230438174
TIC_286098249,
TIC_286216238,
TIC_286311250,
TIC_286507416,
TIC_287139051,
TIC_287140025,1.1047952498138682
TIC_287151392,1.0303607544431128
TIC_287221547,
TIC_287261757,1.0809523448121554
TIC_287286222,
TIC_287496048,
TIC_287589266,
TIC_287769668,
TIC_287837391,1.2585845609408823
TIC_287867700,1.1325863446167506
TIC_288108572,1.1443971736396572
TIC_288183622,1.2193550343184583
TIC_288183829,1.2271731835949242
TIC_288185404,
TIC_288185546,1.51868216762933
TIC_288237238,1.3221618829420259
TIC_288240748,1.1952348137871978
TIC_288298674,1.440418553592077
TIC_288344769,
TIC_288431266,1.0262566127338357
TIC_288516967,
TIC_288524895,1.2690321579963744
TIC_288601729,0.9834631076714465
TIC_288636381,1.104098723244988
TIC_288735742,
TIC_288846484,1.2354604541740242
TIC_289021161,
TIC_289077942,
TIC_289080311,1.092246277736253
TIC_289138845,1.2974086754100835
TIC_289679763,1.2258251636903947
TIC_289775373,1.2691565426757203
TIC_289814345,
TIC_289818652,
TIC_289832595,0.9839985823342579
TIC_289903576,1.6606340788696743
TIC_289966090,1.6784677919383606
TIC_290352455,1.1605599841742538
TIC_290513411,
TIC_290546136,1.5616178194329313
TIC_290651893,
TIC_290653996,1.2042899920642818
TIC_290655383,1.086934818282955
TIC_292627233,
TIC_292698326,
TIC_292777606,1.033893570764992
TIC_293164978,1.084452639225852
TIC_293218474,1.1560590726728317
TIC_293252336,
TIC_293271686,
TIC_293272754,1.2327557374595668
TIC_293462404,1.2938942963345292
TIC_293505416,1.2117523316923289
TIC_293527488,1.0516390513566312
TIC_293655750,1.3049844271849167
TIC_293732840,1.2541956075843643
TIC_293806873,1.2607479430195012
TIC_294209068,
TIC_294292672,0.9454536519283401
TIC_294330174,1.0752796648135865
TIC_294501296,1.5707121709702192
TIC_294784092,1.3694085058673053
TIC_294785164,
TIC_295204397,1.2282736463323953
TIC_295211073,1.2811486414537572
TIC_337607213,1.4101973725684123
TIC_337642856,1.1108792710273292
TIC_338655597,
TIC_338993776,
TIC_338995234,1.0849235850967223
TIC_339598472,1.2030607543782834
TIC_339672106,0.9789428262270279
TIC_339673707,1.0594728492105858
TIC_339769900,1.3599354669198074
TIC_339770749,1.12102846795579
TIC_339887586,
TIC_339960404,1.0229529948425105
TIC_340062939,
TIC_340174734,1.194546759998182
TIC_340179086,1.1862829293111907
TIC_340181061,1.2901040337485592
TIC_340255470,
TIC_340931059,
TIC_341188017,1.1971994875092824
TIC_341571306,
TIC_341613432,
TIC_341631531,1.4841893237810826
TIC_341686676,
TIC_341687229,1.1623042588465036
TIC_341707548,1.248942556297375
TIC_341840037,1.3906183045323413
TIC_341874424,1.111672082040482
TIC_341879249,1.1583997330672897
TIC_341929445,1.2504428946755035
TIC_342169249,1.1665841495003098
TIC_342365421,1.1211813674020634
TIC_343402190,
TIC_343409358,
TIC_343598771,
TIC_343720260,1.1832052061571585
TIC_343995519,1.0453770326773721
TIC_344073005,1.1991084255393594
TIC_344840363,1.4230464280236172
TIC_344843690,1.0521697023760503
TIC_344852533,1.088401683213872
TIC_345032207,1.269015159049967
TIC_345456791,1.1253373758393772
TIC_345598728,1.1892264948833793
TIC_346004415,1.1047671872635088
TIC_346722548,
TIC_347445677,
TIC_348842808,1.4502725787173396
TIC_348994088,1.1781793340281315
TIC_349190958,1.0946266703808394
TIC_349196900,1.1434783198197425
TIC_349247495,
TIC_350140570,1.0945692514382732
TIC_350295877,1.3125918372599035
TIC_350297922,1.1009120410212077
TIC_350342269,1.2844665920979743
TIC_350343922,1.0825459308746865
TIC_350344761,1.1164233330970126
TIC_350433501,1.2223636625493695
TIC_350434379,
TIC_350499405,1.014639772057035
TIC_350516184,1.20783768128662
TIC_350584303,1.1170606946649113
TIC_350708927,1.2546420756632946
TIC_350716888,0.9567427360859029
TIC_350764206,1.4069054494999984
TIC_350825116,1.4528313331132927
TIC_350934641,
TIC_350987178,1.41247699628776
TIC_351777785,1.164564927154709
TIC_352838223,1.3339795862848447
TIC_353092646,1.0701726951800292
TIC_353238549,1.217334310865083
TIC_353782112,
TIC_353784443,1.311336923722099
TIC_353855077,
TIC_353872814,
TIC_353934350,1.102754220580432
TIC_354242427,1.0253226347820354
TIC_354785313,1.2633164797391303
TIC_355510058,
TIC_355548896,0.9902130680275902
TIC_355753487,1.1050147758344953
TIC_355835562,1.4799097722897023
TIC_355951649,1.3001604791746852
TIC_356111753,
TIC_356111938,1.174836203714176
TIC_356150954,0.9751435789771616
TIC_356198029,1.3848925895796016
TIC_356226401,
TIC_356337657,
TIC_356340717,1.0361263398232654
TIC_356672218,1.210986440126544
TIC_356700209,1.2413101204318988
TIC_356744534,1.027586707276072
TIC_356785943,1.780915219461751
TIC_356892348,1.0065876038470158
TIC_356893496,1.0904123636909662
TIC_356894735,
TIC_356920007,1.2125332720205713
TIC_356976847,1.368647450506484
TIC_357035841,1.0836251582758183
TIC_357036834,1.2051294065070823
TIC_357361953,1.085983392308572
TIC_357370845,1.1665237032190523
TIC_357685075,1.245546180622929
TIC_357954926,1.280486973245328
TIC_358156337,1.1018049175116045
TIC_358736833,1.5280665658487123
TIC_358742213,
TIC_359278618,1.0128777855692048
TIC_359356597,
TIC_359554914,1.0201321935069658
TIC_359634548,1.3865102310512367
TIC_360019958,1.0837736234874107
TIC_361458540,1.1345759216540041
TIC_361741243,1.0146792405141654
TIC_362064341,1.2964651914891763
TIC_362103349,
TIC_362132072,1.0797726248403545
TIC_362221842,
TIC_363348787,
TIC_364025794,1.5448519906664622
TIC_364266724,1.0375485106833775
TIC_364395684,1.1885884235867001
TIC_364406290,
TIC_364538492,1.3016061715771194
TIC_364766176,
TIC_365052029,
TIC_365193283,1.2953791023297037
TIC_365273563,
TIC_365301267,0.9669215783227112
TIC_365480289,
TIC_365482475,1.2677136295209435
TIC_365930577,
TIC_365968021,
TIC_366019099,1.2711065162189517
TIC_366120745,1.0399299082536706
TIC_366354149,1.3155195407078903
TIC_366507361,
TIC_366620082,1.2325428659313538
TIC_366676700,1.1819232035907732
TIC_366834816,0.9770993653875275
TIC_366961817,
TIC_367069074,1.3105430983620612
TIC_367102989,1.0902726162098793
TIC_367258984,1.0429686277287116
TIC_367355815,1.1437781896506196
TIC_367506710,
TIC_367613229,1.2370888389295425
TIC_367614642,1.201426588159559
TIC_367737522,
TIC_367757382,1.0619046438050697
TIC_368628548,2.111149031305537
TIC_369324314,1.2425781451097826
TIC_369388331,
TIC_369769825,1.1291464211148838
TIC_369771333,
TIC_369965957,
TIC_370010028,1.3133181849991298
TIC_370140250,1.4327878135387309
TIC_370223705,1.0222240217348753
TIC_370228189,
TIC_370246784,1.4750161106989619
TIC_370435127,1.198287558256633
TIC_371205495,1.35560315054804
TIC_371221281,1.5241508979557257
TIC_371767006,1.1813952972746904
TIC_372072912,1.2835012730256963
TIC_372389503,1.050062825385683
TIC_372499725,
TIC_372731157,
TIC_372734827,
TIC_373016628,0.9772214889840334
TIC_373448005,1.1283973746162574
TIC_373523595,0.9707677807262227
TIC_373604254,
TIC_373626359,1.488014472991039
TIC_373675717,
TIC_373943437,1.0912124604154925
TIC_374024673,1.3513558194871305
TIC_374046378,1.1172052532278192
TIC_374169490,
TIC_374312260,
TIC_374858999,1.0920081857131947
TIC_374859230,1.5720255083762962
TIC_374911449,
TIC_375062809,
TIC_375091650,1.2753855338435502
TIC_375688051,1.2720604513672085
TIC_376197802,
TIC_376539888,1.3029754205372028
TIC_376867523,
TIC_376925533,1.1432057462833731
TIC_376927620,
TIC_377061908,
TIC_377100366,
TIC_377292679,1.195569824613881
TIC_377295633,1.1319304296079922
TIC_377780437,1.0638250819537027
TIC_377784111,1.3359422313131588
TIC_219111587,
TIC_219112216,
TIC_219143616,
TIC_219176630,1.470961624881167
TIC_219234328,1.1306233855491532
TIC_219400409,0.9781365994556908
TIC_219432606,1.2852177583617632
TIC_219463934,1.068116906100276
TIC_219482627,
TIC_219499657,
TIC_219506236,1.180233307960827
TIC_219508951,
TIC_219581340,
TIC_219696302,1.7817315206132978
TIC_219701594,1.392889009536042
TIC_219705379,1.244159694046583
TIC_219725322,0.980204435082353
TIC_219732543,1.2821903066162084
TIC_219751469,1.800541619498607
TIC_219755548,
TIC_219771875,1.0707640813968469
TIC_219777306,0.9884698234041899
TIC_219777669,1.2060941979933644
TIC_219788712,
TIC_219794415,
TIC_219802774,1.0261824743398245
TIC_219805568,1.01419760474609
TIC_219811092,
TIC_219821654,
TIC_219845310,0.9797933702220303
TIC_219855548,1.3829828664513162
TIC_219860013,
TIC_219867444,1.3406703690784356
TIC_219873138,1.1927356766087942
TIC_219992932,
TIC_220020672,1.3281920307164294
TIC_220347617,
TIC_220378886,0.9556651793737586
TIC_220399619,
TIC_220402024,1.4246936896804572
TIC_220404759,
TIC_220406924,1.2224318875836755
TIC_220407801,1.1747658023876366
TIC_220417077,
TIC_220427527,1.0206341287743164
TIC_220428118,1.0526277726363036
TIC_220430008,1.1268931138874798
TIC_220457739,1.070110038062217
TIC_220459451,
TIC_220517490,
TIC_220523140,1.1483014230643016
TIC_220525353,
TIC_220538050,1.2450503911043536
TIC_220554203,1.6750816445233732
TIC_220563149,
TIC_220570421,1.0322778512137711
TIC_220614593,1.0627666062684142
TIC_220616167,1.1451360955117886
TIC_224292441,1.2216285248506025
TIC_224308090,0.9782076979494393
TIC_224310681,1.2803884559817507
TIC_224312054,1.364665168600715
TIC_224598071,0.9981913239518823
TIC_224601836,1.1324811540184025
TIC_224605278,1.0762791639214635
TIC_229092982,
TIC_229147944,
TIC_229405342,1.4255811395720377
TIC_229441400,1.6044235594657996
TIC_229489199,1.5351268975093681
TIC_229504417,
TIC_229533585,
TIC_229553174,
TIC_229582807,1.1261919269756349
TIC_229594218,1.370425597455835
TIC_229606609,1.0507559226455891
TIC_229613892,
TIC_229639858,1.1909612416037723
TIC_229646945,
TIC_229669811,1.0372518063684764
TIC_229673565,1.0443352261972434
TIC_229675701,
TIC_229676324,1.0671984668122152
TIC_229684208,1.004833656764839
TIC_229685723,1.042289976275839
TIC_229689153,
TIC_229713743,1.1163801338531962
TIC_229738522,0.9735088160837987
TIC_229739896,
TIC_229747669,1.2376835602435492
TIC_229748825,
TIC_229752137,1.2366440148462605
TIC_229786139,1.4286681959735708
TIC_229795273,1.382984813494873
TIC_229795998,1.1443906793072776
TIC_229802943,1.034518282830558
TIC_229849701,
TIC_229914817,
TIC_229940532,1.0140470166289421
TIC_229969898,
TIC_229977160,1.0080735121200748
TIC_230005218,
TIC_230024912,1.3249488528255762
TIC_230070108,
TIC_230070344,0.9905993363461003
TIC_230074954,1.2242901522349925
TIC_230075248,
TIC_230076586,1.105190235862884
TIC_230079797,1.0701562143984396
TIC_230080609,
TIC_230080910,
TIC_230082687,
TIC_230088835,
TIC_230092485,
TIC_230111524,1.1037462832380793
TIC_230112519,1.0345404163192478
TIC_230116331,0.9797852805700913
TIC_230129250,
TIC_230129966,1.055361974499074
TIC_230200297,1.197759030142769
TIC_230200871,1.2882443747628243
TIC_230238167,
TIC_230295593,
TIC_230382377,1.0184564296447698
TIC_230385952,1.276785652865186
TIC_230392898,
TIC_230394278,
TIC_230394694,1.122463137579379
TIC_231016984,
TIC_231053750,1.3241239658400228
TIC_231063412,0.9598101713130127
TIC_231065613,1.0818318683522246
TIC_231071120,1.066775116735128
TIC_231077890,1.310491297582274
TIC_231091547,
TIC_231098685,1.3765131924363405
TIC_231272485,1.0857507017611874
TIC_231274592,
TIC_231722966,0.9760241200045087
TIC_231737189,1.3934926684080526
TIC_231803967,1.079989651108286
TIC_231813167,1.0705274967623486
TIC_231828182,1.0838040601747523
TIC_231828422,1.3563374497619205
TIC_231856135,1.06814642579291
TIC_232080070,1.1159251411779194
TIC_232522304,1.0968828918927926
TIC_232523752,1.2454344956922014
TIC_232524220,1.062587164221913
TIC_232614734,
TIC_232614964,0.9732331147161675
TIC_232617075,1.5334337735555892
TIC_232620788,1.22149402496594
TIC_232620952,1.239252811402014
TIC_232623464,
TIC_232635891,
TIC_232647621,1.1611223154765766
TIC_232682595,1.0552038996854112
TIC_232962792,1.424671543630196
TIC_232967539,
TIC_232968276,
TIC_232968708,
TIC_233007430,1.0137409665049688
TIC_233049900,
TIC_233051228,1.0814062320691546
TIC_233055967,
TIC_233077177,
TIC_233085151,
TIC_233085869,
TIC_233124467,0.99851192037546
TIC_233152526,1.111584515326715
TIC_233153706,1.1548242953338754
TIC_233158962,
TIC_233160374,1.4752677566574892
TIC_233166655,1.1108025072649093
TIC_233169301,1.0217162830215687
TIC_233176858,
TIC_233180127,
TIC_233185497,1.0191290264202595
TIC_233186332,1.212056346841746
TIC_233189161,1.0013823650409153
TIC_233190759,1.1639020153507176
TIC_233193823,1.2046861589010027
TIC_233205718,1.3550229190065668
TIC_233424718,1.0245302759854504
TIC_233460011,1.0430115129332447
TIC_233494936,1.306658262845913
TIC_233494956,
TIC_233514028,1.1725361046335543
TIC_233521372,
TIC_233522055,
TIC_233529444,1.5215530896344962
TIC_233537824,1.3273952439659495
TIC_233539061,1.3502120507324866
TIC_233539590,1.2263508528891374
TIC_233573215,1.279192672900607
TIC_233580065,
TIC_233614532,1.1257026412106175
TIC_233623612,1.6610404457023182
TIC_233646652,
TIC_295598663,0.9622714856001305
TIC_296757803,1.2122984522868454
TIC_296805612,
TIC_297269362,
TIC_297541952,
TIC_297822958,1.1282326296082164
TIC_297850978,
TIC_297962605,
TIC_298108181,
TIC_298159489,1.1516120628740025
TIC_298263539,
TIC_298320798,1.181866293391846
TIC_298356285,
TIC_298363636,1.1037270389107963
TIC_298496606,1.0867742437165968
TIC_298537261,
TIC_298733302,
TIC_298781775,1.2540760810927316
TIC_299088361,1.3476685712072751
TIC_299155541,
TIC_299802045,1.262445765000959
TIC_299833107,1.1889834536012156
TIC_299897380,
TIC_300011376,
TIC_300039724,1.0971412080456981
TIC_300085625,
TIC_300088321,1.1912920254617017
TIC_300157797,1.3348147235126062
TIC_300241371,
TIC_300328258,0.977128633848735
TIC_300330109,1.1900021405093046
TIC_300444376,1.205236343163846
TIC_300448273,1.321236845688622
TIC_300556408,0.9788602213339377
TIC_300556816,
TIC_300560731,1.3362194840348498
TIC_300561691,
TIC_300703844,
TIC_300708926,
TIC_300709762,1.2084920763452474
TIC_300940126,1.5155902122149771
TIC_301861807,
TIC_301867609,1.064150363843388
TIC_302206990,1.0671700525378585
TIC_302261616,1.2690176588026625
TIC_302303498,1.3902712408779634
TIC_302330479,1.2094301870540165
TIC_302440596,
TIC_302501968,
TIC_303156867,1.0546073255396329
TIC_303337836,
TIC_303339838,1.391803551595529
TIC_303438002,1.2602757001663907
TIC_303470984,1.1595278752271947
TIC_303980842,
TIC_304133090,1.3197250825613656
TIC_304178155,
TIC_304216847,1.1995272094852667
TIC_304405981,
TIC_304498801,1.4011409067302667
TIC_304550604,
TIC_305168532,1.3123169618155874
TIC_305260539,
TIC_305544030,1.3093012928239436
TIC_305725166,
TIC_305795749,1.2044273277236726
TIC_306577373,
TIC_306666732,
TIC_306690965,1.0272485748989126
TIC_306898941,1.0623728512533894
TIC_307125717,1.2226628352130378
TIC_307250539,1.5749477067156463
TIC_307325401,1.2403943441969607
TIC_307807878,
TIC_307984288,
TIC_308234803,
TIC_308457039,1.4802683046587077
TIC_308519636,
TIC_308616873,1.3162240061898536
TIC_308821405,1.2854297317376258
TIC_309029591,1.8526107898189146
TIC_309436331,
TIC_309552570,
TIC_309780483,1.4436043690674352
TIC_309807304,1.1892837254023754
TIC_309854901,1.554643383797055
TIC_309855268,
TIC_310028784,
TIC_310054248,1.683968629641085
TIC_310104035,
TIC_310133917,1.7935677365718696
TIC_310307848,1.4498428599235862
TIC_310380391,1.0346117911675656
TIC_310478750,1.1837361335311471
TIC_310512172,1.1385641326214428
TIC_310666112,
TIC_310764588,1.3179518377652275
TIC_310836777,0.9542902400218611
TIC_311070321,
TIC_311088345,1.1110413906669614
TIC_311844434,1.1501376610002851
TIC_311864730,0.9808952461362765
TIC_311884863,
TIC_312485893,
TIC_312848710,1.286538733203211
TIC_312885596,1.1065719459017302
TIC_313008241,1.3287442373922573
TIC_313027441,
TIC_313056563,1.3585554212891626
TIC_313110355,
TIC_313144297,1.0501117903907415
TIC_313275161,
TIC_313303666,0.9603587853794391
TIC_313422570,0.9935064859229927
TIC_313484098,
TIC_313485965,1.5817740163023561
TIC_313550416,
TIC_313551384,0.9798498972930317
TIC_313553792,
TIC_314149533,
TIC_314369052,
TIC_314579347,1.3309033768001584
TIC_315330870,
TIC_315923151,
TIC_316172478,0.9908819214548225
TIC_316185121,
TIC_316332568,
TIC_316632108,
TIC_317019578,
TIC_317099861,1.0234201596804093
TIC_317130136,
TIC_317181516,
TIC_319063231,
TIC_319246375,1.1740943863998523
TIC_319437757,1.43987172326878
TIC_319506938,
TIC_319518192,1.3368152353977056
TIC_319555742,
TIC_320279714,1.013468480899599
TIC_320324154,0.9988715581627428
TIC_320419323,
TIC_320495794,
TIC_321107985,
TIC_321219021,
TIC_321297169,1.040543013427324
TIC_321448869,1.2771553022248217
TIC_321601485,
TIC_321671083,1.0947022659171255
TIC_321723859,1.349682065476348
TIC_321863578,
TIC_321908147,
TIC_321983989,
TIC_322586023,1.602833917736667
TIC_322736182,1.3753585327993503
TIC_322769378,
TIC_322784020,
TIC_322810819,
TIC_322953678,
TIC_323474457,1.4270021296444444
TIC_323495408,
TIC_323523846,
TIC_323735258,
TIC_323973835,1.1751797689709373
TIC_325220689,
TIC_325376866,1.095194491089835
TIC_327251785,1.2216987094900364
TIC_327595545,1.2014431129066483
TIC_327670036,
TIC_327938692,
TIC_328899669,
TIC_329086093,1.322161314530923
TIC_329248278,
TIC_329331867,
TIC_329637339,
TIC_329709914,1.5161982425138116
TIC_329769218,
TIC_331153739,1.3587797458300392
TIC_331355697,
TIC_331747429,1.1672911712620393
TIC_331868017,1.2694519068279797
TIC_331868510,1.1344286372301169
TIC_332277745,
TIC_333015696,
TIC_333731944,
TIC_334799128,1.094788991005613
TIC_334832548,1.0310878181919052
TIC_334833530,1.2258976785013111
TIC_335721422,
TIC_335916346,1.2371277829410696
TIC_335966219,
TIC_336074536,1.6213100546864998
TIC_336118727,
TIC_336258298,1.3230333827784055
TIC_336319206,
TIC_336813972,
TIC_337007583,1.1035385525329346
TIC_337185057,
TIC_337220441,1.1341048878521345
TIC_337418079,1.1273156474624304
TIC_337546639,1.1979573271078423
