TIC,radius_pred
TIC_872755,14.64910688954254
TIC_992137,10.89388133554641
TIC_1713395,10.049900501565237
TIC_1713457,5.382750377157301
TIC_1828620,12.564982764107848
TIC_2020365,11.441463941526864
TIC_2143575,9.1931492051949
TIC_2835941,10.673599209026422
TIC_3095329,9.811819675075412
TIC_3308690,12.611586781859565
TIC_3662563,10.911312798791862
TIC_3717225,16.27570078471929
TIC_3755225,
TIC_4000387,12.190814371663866
TIC_4248151,10.589844074459512
TIC_4375457,
TIC_4588120,
TIC_5671350,19.7220311288552
TIC_7802263,9.658772272484732
TIC_7985934,9.72989742918429
TIC_8995067,11.272692906183465
TIC_10747908,10.10263012373269
TIC_12810761,10.59378003739461
TIC_13002588,10.596940789365021
TIC_13434305,9.725778596738392
TIC_14341652,
TIC_14601264,
TIC_16326334,10.680646499739824
TIC_17657588,
TIC_17661643,
TIC_18319134,
TIC_18385743,10.594210477176784
TIC_18532769,
TIC_18631875,
TIC_19029779,
TIC_19064095,
TIC_19112687,
TIC_19911846,12.137713019663654
TIC_20231212,13.009021687623253
TIC_20530242,
TIC_20995501,8.045255906211896
TIC_21119523,
TIC_21151196,5.833397614698027
TIC_21227177,
TIC_21969291,
TIC_23747667,
TIC_25161053,9.999017097628412
TIC_26699664,8.821980037475303
TIC_26774737,
TIC_26966422,3.4692482979455717
TIC_26967802,11.032525180624475
TIC_27006649,12.78986044187215
TIC_27186427,10.194212253086068
TIC_27239501,
TIC_27543613,12.507935264793554
TIC_27548343,
TIC_28912737,
TIC_28960026,
TIC_29370344,
TIC_29521909,12.657742686936174
TIC_29868657,9.79059587859253
TIC_29987134,3.083196232935058
TIC_30853028,9.968557716884003
TIC_31190175,11.694655690557557
TIC_31506424,
TIC_31508240,7.129985842190395
TIC_31511890,
TIC_31655134,
TIC_31705248,4.885656979739043
TIC_31778786,
TIC_31795900,8.59840820677459
TIC_31852879,
TIC_31960529,8.475163816680103
TIC_32072326,
TIC_32645011,11.771426138387735
TIC_32681771,21.30109033376582
TIC_33834943,
TIC_33839693,9.691680397292645
TIC_34884074,11.96323483806436
TIC_38515329,8.295006757965096
TIC_38516267,
TIC_38573074,
TIC_38586863,15.14829961696313
TIC_38632722,10.025334731074219
TIC_38823638,
TIC_38846146,16.31690738115232
TIC_40456260,9.117335639677975
TIC_40622210,
TIC_40793484,16.708450024595127
TIC_41173048,
TIC_41259424,
TIC_41338480,
TIC_45410088,
TIC_47971007,9.394797362898434
TIC_48023276,10.691173553118148
TIC_48309786,
TIC_48432406,9.617469823073073
TIC_48447365,11.524202435439154
TIC_48784515,13.90668183711174
TIC_48874795,8.54801732240063
TIC_49003307,
TIC_50272813,10.450496908150729
TIC_50381965,
TIC_51904348,10.501607813141526
TIC_51909321,
TIC_51991640,
TIC_52054736,9.122063587849027
TIC_52059209,
TIC_53194797,17.681739971468065
TIC_53668717,7.431855552912825
TIC_55385407,
TIC_55398886,10.3999692086268
TIC_55399286,12.425146148526924
TIC_55478023,8.32721362088363
TIC_55478222,10.77549451979955
TIC_55478693,10.099735064237429
TIC_55497082,
TIC_55523592,10.699364789223416
TIC_55526024,11.187233086299685
TIC_55557848,10.10524166808959
TIC_55559067,14.420701822164558
TIC_55664116,11.89327354620379
TIC_55748603,
TIC_55755059,6.0710686697041965
TIC_55761670,9.009304090799294
TIC_56976008,7.769092162435052
TIC_57607316,
TIC_58341644,
TIC_59492462,12.174457659941334
TIC_59713507,12.139887085035262
TIC_60145709,8.87667397173847
TIC_60998516,11.743857024489657
TIC_61017000,
TIC_61877025,14.365084928556355
TIC_62598633,
TIC_63309193,
TIC_63456028,8.312450652143713
TIC_64366713,11.70423499760965
TIC_66287504,9.775599230774628
TIC_67749159,
TIC_68197238,10.687145631231672
TIC_69292626,10.508470586871061
TIC_69367836,13.96940922449113
TIC_70547057,
TIC_70676013,11.896334251627753
TIC_71232752,7.591638686593781
TIC_71738687,8.26627190709954
TIC_75938449,
TIC_76090277,
TIC_76188657,10.727549458968651
TIC_76196131,11.094102032719716
TIC_76569867,
TIC_77644776,11.74066541984175
TIC_78106977,16.547647666722234
TIC_79548028,
TIC_79703670,
TIC_79705703,4.441483262972435
TIC_79896346,15.05048105318747
TIC_80312692,12.086142918997094
TIC_81008547,11.958843273940195
TIC_82132800,11.220615084270712
TIC_82350426,5.333287544317868
TIC_82359031,
TIC_83540938,14.08156979019469
TIC_85517670,
TIC_85791699,
TIC_86016650,
TIC_86119217,11.446936547525668
TIC_86369354,12.109790447906867
TIC_86375079,
TIC_87144474,
TIC_87316852,
TIC_89296598,15.571190977067722
TIC_90591154,11.404603079512592
TIC_90801126,
TIC_91790437,14.515002581624401
TIC_91987997,
TIC_93714388,
TIC_95076851,7.382134965423038
TIC_95162597,9.999441696369699
TIC_95663199,8.785398946342413
TIC_96801217,12.975911672479096
TIC_96861698,11.41586041277187
TIC_97807056,
TIC_99319677,9.607788672231182
TIC_99644109,12.479046974277045
TIC_99654411,11.63334992266751
TIC_99905293,12.137204399795785
TIC_99919259,
TIC_99921120,11.126755248512577
TIC_99971936,8.269345829750632
TIC_100011651,5.561864248435714
TIC_100014010,
TIC_100015126,13.977171518517022
TIC_100663923,
TIC_101014719,14.738846844462824
TIC_101767462,
TIC_101927602,
TIC_102070580,6.5177415282332305
TIC_102886565,
TIC_159762838,11.939648714969021
TIC_159854029,11.860008668591028
TIC_159854769,15.79978415591627
TIC_159939904,9.085819180303584
TIC_159943982,9.152899341304847
TIC_159980985,
TIC_160067359,4.5887841297238126
TIC_160196097,
TIC_160226383,
TIC_160268710,
TIC_160297263,8.700201748643059
TIC_160419156,
TIC_160439883,4.141980147315415
TIC_160472962,9.116835257175458
TIC_160489074,22.60744421998007
TIC_160491259,4.769693447108237
TIC_160492937,2.811971243677439
TIC_160536270,7.112252554389961
TIC_160551662,10.334056207410669
TIC_160552281,9.120739019500547
TIC_160585774,
TIC_160602762,13.742114254421939
TIC_160603568,16.383295154153238
TIC_160946910,
TIC_161002783,
TIC_161025306,
TIC_161026891,
TIC_161044231,11.928852973709969
TIC_161058709,12.256670160633377
TIC_161686782,7.41991335760973
TIC_161721465,5.536927646733611
TIC_161732839,7.767518389213011
TIC_161826896,6.199107281318242
TIC_162146411,12.799025184791658
TIC_162492265,8.27204757325813
TIC_162519445,
TIC_162691719,6.31971429168268
TIC_162692735,13.611455861085641
TIC_163354593,10.463290884473713
TIC_163386233,
TIC_164323968,12.465328316250815
TIC_164374883,
TIC_164409264,
TIC_164656364,10.171900824836266
TIC_164670275,
TIC_165286030,
TIC_165412165,
TIC_165416852,13.837662899847356
TIC_165466021,
TIC_165498199,10.480900574351308
TIC_165530450,16.76212948987272
TIC_165626458,
TIC_165627514,11.97675040759211
TIC_165639433,
TIC_165721718,14.31029117240216
TIC_165884080,4.4873240513817905
TIC_166013497,
TIC_166064264,20.728175882316684
TIC_166086376,
TIC_166767473,7.6456407664132255
TIC_167795786,
TIC_167799987,
TIC_167810464,5.894570985661337
TIC_167904255,7.3567915502002945
TIC_167977224,6.967988804243585
TIC_168700732,
TIC_168708182,14.848989704966165
TIC_168708413,6.1343861519832945
TIC_168809388,10.440677369570938
TIC_168809741,7.20292565303426
TIC_169249207,
TIC_170574878,
TIC_171393734,12.347752955876192
TIC_171520453,4.913896764946991
TIC_172411691,14.79598001237677
TIC_175292843,
TIC_175409488,
TIC_176956040,
TIC_177115013,7.61500694073622
TIC_177241155,4.5006080760580325
TIC_177283605,13.548462481690546
TIC_177310977,
TIC_177349660,
TIC_178219488,7.896116496956692
TIC_179638714,8.541389238698466
TIC_180893973,
TIC_181021137,
TIC_181150842,13.21963464492368
TIC_181165209,4.616658175910166
TIC_181205079,12.017130272084431
TIC_181219375,17.004923287505683
TIC_181233533,
TIC_182161229,16.57959905898717
TIC_182747470,12.836609137713491
TIC_183291816,
TIC_183306127,12.343447060351682
TIC_183618947,9.22847656932133
TIC_183979379,
TIC_184561799,
TIC_184783339,
TIC_185166645,
TIC_185191335,
TIC_185240401,
TIC_185247253,
TIC_185331435,10.988627511816338
TIC_185990643,
TIC_186812304,9.86081357717094
TIC_188036547,9.606504691628343
TIC_188308561,
TIC_188632911,13.272039265585459
TIC_188770072,14.507542823562321
TIC_191327724,8.188627624575872
TIC_192832113,11.930886554559772
TIC_193160044,
TIC_193291077,13.399912530811363
TIC_193514772,
TIC_193728463,7.7738177985274195
TIC_193729604,
TIC_193774688,9.003572082677065
TIC_193974158,12.945101529741004
TIC_194243076,10.238815489679109
TIC_194992101,12.349803011456697
TIC_195138785,10.770034194963632
TIC_195376497,19.140574978847667
TIC_195711245,
TIC_197477797,
TIC_197583074,
TIC_197793057,14.204543770050236
TIC_197847423,13.60319033892193
TIC_197879853,7.5284819078241725
TIC_197880458,7.196842096624383
TIC_197882175,12.197564518143508
TIC_197883936,
TIC_198037452,
TIC_198083041,10.627353441782345
TIC_198155740,7.842430310737825
TIC_198159527,4.918489620326283
TIC_198180316,
TIC_198208765,10.77393690889677
TIC_198210171,5.56735647434108
TIC_198235935,4.164097323513207
TIC_198240299,
TIC_198314359,8.278005584731538
TIC_198356573,7.832513908230018
TIC_198362570,11.708093379540168
TIC_198362724,
TIC_198365901,11.401383917133328
TIC_198383789,3.8699158454136446
TIC_198407490,12.516141477926736
TIC_198491466,11.657783146461512
TIC_198507982,
TIC_198513366,4.439499705395857
TIC_198514070,
TIC_198560350,14.121403891789923
TIC_198587057,8.93104784691517
TIC_198614627,12.21615460426818
TIC_198753166,
TIC_198838018,20.41238704604943
TIC_199523378,8.940427285529786
TIC_199548781,7.649921453727632
TIC_199573323,7.875091660928971
TIC_199608168,11.401627743147724
TIC_199610976,6.895831505665517
TIC_199631687,
TIC_199631856,7.1942663099216215
TIC_199709017,
TIC_200376190,8.11825330372808
TIC_200377325,8.399990069795553
TIC_200509127,20.135733782795626
TIC_200655425,14.702943913153758
TIC_200863732,13.732391167901897
TIC_201860855,
TIC_201878303,9.862655601833756
TIC_201897982,10.40611308501659
TIC_201924718,12.669064421415472
TIC_202278566,13.357803718216957
TIC_202421707,13.972163799464585
TIC_202422034,11.797448125302573
TIC_202466788,
TIC_202506277,10.172383684216127
TIC_202511282,10.554702874790017
TIC_206356201,10.559284048087537
TIC_207137122,14.944452082710814
TIC_207203189,14.69489286202974
TIC_207363233,
TIC_207384918,
TIC_207398184,
TIC_207401649,10.517224959225796
TIC_207461550,
TIC_207495585,14.636531577827062
TIC_207497136,10.909431384545638
TIC_207499134,8.274646686681862
TIC_208383886,
TIC_219003079,
TIC_219004896,
TIC_219006267,
TIC_219010723,14.932775392670017
TIC_219018221,13.287309843243861
TIC_219035650,10.816908398298871
TIC_219093356,
TIC_426643352,10.727241231734236
TIC_426825464,9.615904573886057
TIC_427110585,
TIC_427321672,
TIC_427528756,11.117944562532895
TIC_427693430,15.952626522994844
TIC_429004910,
TIC_429030762,
TIC_429051149,
TIC_429307624,
TIC_429668055,8.70879826312361
TIC_429825885,
TIC_430537546,
TIC_431479944,
TIC_431591408,5.000824333566083
TIC_433699099,8.151354070557502
TIC_433884861,18.15611815996403
TIC_434368864,9.75525174019484
TIC_434972994,11.688488450004225
TIC_435259947,14.84998058513278
TIC_435334037,9.820396569649398
TIC_435909708,
TIC_436347553,13.530168940718518
TIC_436637382,9.252476957008694
TIC_436658445,
TIC_436854102,
TIC_436868044,
TIC_436934707,8.679935733095109
TIC_438365916,5.159216588107482
TIC_440703303,
TIC_441570210,10.230171048709241
TIC_441571202,10.864486222405382
TIC_441581077,
TIC_441590121,9.543007185473751
TIC_441600983,12.607522615565543
TIC_441606296,14.059271391959172
TIC_441609314,
TIC_441629388,11.779952560377662
TIC_441660868,5.0116260656363
TIC_441686108,13.505864219823996
TIC_441687079,7.9576331788423
TIC_441689199,10.219008070725803
TIC_441691246,9.776741978004262
TIC_441703000,
TIC_441707427,
TIC_441725988,14.156959356051445
TIC_441761700,
TIC_441790929,9.689077090301096
TIC_441797545,9.957640062617752
TIC_441799643,9.426485908323526
TIC_441800221,11.10492952527794
TIC_441802597,
TIC_441804365,10.958084858796742
TIC_441813918,
TIC_443611410,14.811744831956245
TIC_443886210,11.140399620480366
TIC_444044903,9.278492953112366
TIC_444093913,
TIC_444630988,10.389719230264838
TIC_445293761,
TIC_445329934,12.69265863210588
TIC_445392679,8.047613795879833
TIC_445586826,16.0442224312139
TIC_445794505,
TIC_445804831,
TIC_445856504,9.024849496919868
TIC_445859383,
TIC_446155547,
TIC_446157188,
TIC_446172447,
TIC_446346728,
TIC_446668698,7.610293276905538
TIC_446727999,
TIC_447337801,
TIC_447551565,
TIC_447823435,2.448178936170434
TIC_447939179,
TIC_448333264,7.382230369090833
TIC_448695689,10.99553611525128
TIC_449671536,6.810227307232672
TIC_451599588,8.167389749686755
TIC_451606344,
TIC_452283444,
TIC_452377101,10.536873322142684
TIC_452377786,
TIC_452495510,18.833760377704888
TIC_452510997,6.356969948152696
TIC_452567678,10.958061494633201
TIC_452697707,10.121147271731434
TIC_452910671,13.19608117174919
TIC_453095415,2.0265612225194207
TIC_453097231,7.13291403835991
TIC_453102450,10.547573509963662
TIC_453239880,
TIC_453401266,15.175411032888237
TIC_453453566,13.763713524994557
TIC_453585488,
TIC_453746453,12.937720850386295
TIC_454268353,13.561575768248598
TIC_454295971,3.2746068432097974
TIC_454668455,12.411202236000907
TIC_454748201,
TIC_454854466,
TIC_455272199,
TIC_455867811,
TIC_457017274,
TIC_457089746,
TIC_458483231,11.621350627445503
TIC_458484258,7.1215528768546354
TIC_458613101,13.756220218389956
TIC_458685167,11.566969039099428
TIC_458685648,7.99073849494395
TIC_459186567,8.846526562485455
TIC_459220068,10.424591742053602
TIC_459220381,18.22259459697019
TIC_459307286,10.60527580493824
TIC_459893459,
TIC_459893929,11.60251252173862
TIC_459909838,3.5495431399838466
TIC_459926477,
TIC_459957072,10.44376832859128
TIC_459978312,7.658606285869648
TIC_459984696,
TIC_461167379,11.078239562918258
TIC_461499000,
TIC_461513366,
TIC_461537767,
TIC_461636387,10.826391552831772
TIC_461652875,
TIC_461736510,8.357419477988069
TIC_462197287,
TIC_462507471,
TIC_462511589,
TIC_462518592,
TIC_462543135,9.925999593452257
TIC_462544179,9.518413557710819
TIC_462546411,
TIC_462618497,9.504143745057453
TIC_464375439,9.716456894566374
TIC_467335635,
TIC_467356520,
TIC_467543861,7.859130398907153
TIC_467934911,9.4270984687651
TIC_467969559,
TIC_468263946,4.364397698475002
TIC_468264519,
TIC_468377266,
TIC_468585397,8.42786344201565
TIC_468701602,
TIC_468920804,
TIC_469347830,9.78800650023694
TIC_469468503,10.480789744344765
TIC_469521730,10.763685432832016
TIC_469854402,16.03108338416784
TIC_469905944,8.027901892922031
TIC_470022296,11.229245446834343
TIC_470119413,
TIC_470169809,11.295700316920307
TIC_470204742,
TIC_470235690,
TIC_470696071,9.662104361654446
TIC_470913104,11.942394303725727
TIC_470917347,
TIC_378687599,
TIC_378913374,8.513036676470346
TIC_378939909,
TIC_379364030,11.04483929297318
TIC_379377074,
TIC_379602223,7.1174680797046666
TIC_380037612,13.9227737549808
TIC_380394028,8.174352532520167
TIC_380527368,11.898382210424348
TIC_381003569,
TIC_381205959,10.182714089217974
TIC_381360549,7.426620819559823
TIC_381975295,
TIC_381975502,
TIC_381978020,20.796593342140152
TIC_382028854,
TIC_382033285,4.8849455709132545
TIC_382043798,4.978736212802438
TIC_382043962,10.186869765152533
TIC_382044361,4.249479861932965
TIC_382067256,4.522786058989144
TIC_382159212,
TIC_382160281,
TIC_382187278,
TIC_382198789,14.35836922924091
TIC_382200050,11.789352143094817
TIC_382260143,9.014965856660616
TIC_382276084,5.220115879460014
TIC_382426322,7.833331410577274
TIC_382579369,4.246652498603862
TIC_382903517,9.622554524048972
TIC_383553523,11.04591853760447
TIC_383720597,10.278057998671843
TIC_383946834,
TIC_384526619,
TIC_384741153,
TIC_387018319,10.772736949420514
TIC_387087232,
TIC_387290231,11.95235193050286
TIC_387412503,9.517883970003874
TIC_387701104,17.199352667526234
TIC_388135434,
TIC_388180971,10.524286028804877
TIC_388205206,7.56315359638993
TIC_388320750,11.140520335325332
TIC_388436597,
TIC_388606621,
TIC_388761462,10.561371845778378
TIC_388816797,
TIC_389086433,
TIC_389371996,5.941282538473457
TIC_389424817,
TIC_389876025,13.692973427682599
TIC_390017653,
TIC_390198316,12.27600700136971
TIC_391891312,
TIC_391904102,
TIC_391946816,
TIC_392567622,
TIC_392571044,4.656917325557522
TIC_393489565,
TIC_393961551,8.060033365226317
TIC_394128404,
TIC_394151928,
TIC_394225555,
TIC_394239976,5.5774367629768085
TIC_394323335,10.172193475961652
TIC_394341775,
TIC_394558419,
TIC_394577535,12.08602549909827
TIC_394584352,3.593707399888806
TIC_394679100,8.817374900933125
TIC_394729489,15.759249728495906
TIC_394914058,
TIC_394921606,10.992254648435907
TIC_395390452,8.34249292266079
TIC_395393368,16.4672851285178
TIC_395400225,13.064683512315192
TIC_395404732,
TIC_395609561,14.352506621435296
TIC_395732531,8.965911222716908
TIC_396108464,8.536944655895498
TIC_396203066,
TIC_396203108,8.886158623974163
TIC_396452770,3.8968169838668767
TIC_396472479,
TIC_396532068,7.3854688518361025
TIC_396544264,
TIC_396662070,13.190765525002899
TIC_397042227,14.148141481098364
TIC_397121536,6.357101296687478
TIC_397143059,10.398351689612376
TIC_397148644,
TIC_397149515,10.409686903416794
TIC_397726678,
TIC_397920546,
TIC_398229478,8.048499256491237
TIC_398238180,12.022359351609396
TIC_398238189,10.22375713650621
TIC_398267218,10.52473803550724
TIC_398285028,12.92755743924566
TIC_398285684,10.96353829419982
TIC_398306318,19.149347922717013
TIC_398337480,10.44298143554482
TIC_398940200,
TIC_399718508,12.279135702500387
TIC_399735209,
TIC_399762693,12.455299698361383
TIC_399924619,7.461782182053143
TIC_399948581,10.885652357330803
TIC_400093704,12.643918890174007
TIC_400106146,
TIC_400157138,
TIC_400335656,
TIC_401278539,
TIC_401361966,12.268382196460045
TIC_401501843,
TIC_401574714,
TIC_401826612,
TIC_403069041,9.746928256933112
TIC_403123914,15.150717508349135
TIC_404849302,8.91523277940705
TIC_404853236,10.54735424627504
TIC_405413133,14.762037873561859
TIC_405527245,
TIC_405559623,8.357148393782873
TIC_405580462,12.760086409924966
TIC_406319088,
TIC_406533529,19.842393714124125
TIC_406536209,
TIC_406807534,11.675840349933098
TIC_407113246,
TIC_407623738,17.40325232183568
TIC_407965884,
TIC_409321615,12.737829048745922
TIC_410118032,10.356692487395868
TIC_410162322,8.49394059145769
TIC_410585410,10.083537708091871
TIC_410931340,
TIC_411679817,4.7371013375892534
TIC_411752883,8.508446816496637
TIC_411886725,15.155996611147327
TIC_411932148,
TIC_413103252,6.726099918637024
TIC_413117060,
TIC_414827734,
TIC_414863222,12.888536889806574
TIC_415009572,
TIC_415590003,
TIC_415703017,11.547589963144386
TIC_416106483,11.799522144127735
TIC_416267693,6.320894781022652
TIC_416282724,
TIC_416402484,21.317821471186136
TIC_416670255,7.684779634372814
TIC_417670552,
TIC_417742791,5.142852687411552
TIC_417921531,9.86002818182727
TIC_418261773,
TIC_418301218,9.062808474620601
TIC_418352251,16.911047875638523
TIC_418429142,
TIC_418654411,11.404242133139928
TIC_420287251,10.078482511860958
TIC_420304740,8.242798898007504
TIC_420498917,12.13461517121047
TIC_420536861,
TIC_420656048,11.898645207034471
TIC_420729120,
TIC_420802447,8.142099615240806
TIC_420889920,11.834927239029025
TIC_421252164,12.704315252929277
TIC_421896993,
TIC_422053386,7.452320968866131
TIC_422156556,11.138707515866944
TIC_423124005,
TIC_423385799,
TIC_423386494,
TIC_423443090,
TIC_424387147,
TIC_424437957,9.115311644126036
TIC_424438735,10.522486089590492
TIC_424518918,
TIC_424696909,11.237829680152007
TIC_424731682,7.7917396377486146
TIC_424988021,12.441115254767112
TIC_424995989,
TIC_425069023,
TIC_425086349,
TIC_425711370,
TIC_425796306,7.448982626787262
TIC_425813582,
TIC_425852301,
TIC_425934616,3.9019981369025256
TIC_425938647,
TIC_425940120,
TIC_425997700,
TIC_426019989,
TIC_426286197,
TIC_426483393,11.088327190297662
TIC_233727013,
TIC_233736455,11.033797329375265
TIC_233801268,12.838324306949897
TIC_233832738,21.12435661176308
TIC_233837609,11.822014644644984
TIC_233839416,11.55786360521045
TIC_233845020,9.62176927847558
TIC_233890069,
TIC_234306874,9.363687529831836
TIC_234343957,21.291624852125853
TIC_234497281,
TIC_234497780,19.015851083050958
TIC_234516451,
TIC_235061209,18.08309017186834
TIC_235558207,
TIC_235714953,
TIC_235929979,
TIC_235937657,
TIC_235938726,12.018485992650966
TIC_235953399,3.3880767006933663
TIC_235983031,12.744907192136822
TIC_235983493,
TIC_236000210,9.348690133162536
TIC_236339228,14.429968408873862
TIC_236389438,8.517885489256642
TIC_236761202,
TIC_236767893,8.509755059884693
TIC_236868579,8.344964057381022
TIC_236876084,
TIC_236889115,4.759990729346155
TIC_237101581,9.751705030215154
TIC_237111182,15.609024147734
TIC_237130078,
TIC_237282368,16.589676801528153
TIC_237298086,11.8637741929485
TIC_237308403,
TIC_237314921,11.45288422484982
TIC_237331910,9.544390314001364
TIC_237337257,
TIC_237342147,
TIC_237909385,
TIC_237919436,10.775337860087596
TIC_237934406,10.68580638539584
TIC_237955524,6.084988768755833
TIC_238005820,20.273328337298224
TIC_238018529,
TIC_238073682,
TIC_238128711,12.312063297444585
TIC_238159015,10.797579046076494
TIC_238192783,4.957660239585043
TIC_238196326,12.699597189596645
TIC_238198708,10.674520595783529
TIC_238203650,
TIC_238227102,
TIC_238342082,11.637799298119411
TIC_238346482,13.18569550151435
TIC_238378233,10.734462855052525
TIC_238546119,5.046486895343293
TIC_238867738,3.205994981564042
TIC_238874890,10.313437932166243
TIC_238891740,
TIC_238915288,11.185752756860929
TIC_239931874,
TIC_240090986,4.010944332875753
TIC_240151036,19.17582251541533
TIC_240174511,4.689309941064726
TIC_240790853,
TIC_242988608,15.243318674681602
TIC_243149841,
TIC_243189630,
TIC_243279536,9.726622402490918
TIC_243416139,7.4345997937370205
TIC_244291185,
TIC_245166595,
TIC_247119634,
TIC_247408473,10.301732785772415
TIC_247408804,12.72652977980849
TIC_247480908,
TIC_247829471,8.866500525989133
TIC_247866345,12.0233079965573
TIC_248944100,9.962962449026605
TIC_248963902,11.532417035707967
TIC_255559203,7.786362316069415
TIC_255569629,5.26030089281921
TIC_255616848,9.565875609391576
TIC_255722709,6.536983189957185
TIC_255873653,10.299257682139785
TIC_256557483,19.178148148309404
TIC_256615403,
TIC_256663870,8.868042860323444
TIC_256747813,
TIC_256771115,
TIC_256801656,
TIC_256868095,21.193081999280402
TIC_256977031,15.465778461059898
TIC_257004995,
TIC_257005016,10.352261683458577
TIC_257022352,
TIC_257046812,6.046498705645364
TIC_257721857,2.2241345802391184
TIC_258389994,4.647264031987547
TIC_258548184,9.65328753509332
TIC_258627931,4.061179081733736
TIC_258748584,7.993622340389563
TIC_258769833,
TIC_258770213,
TIC_258778547,
TIC_258803329,10.392772746715401
TIC_258829890,11.26761419601873
TIC_258906153,
TIC_258922669,
TIC_258955374,9.11049503194975
TIC_258957379,3.2687526225398136
TIC_259377427,12.557697937731772
TIC_259407892,10.698182502640096
TIC_259477845,
TIC_259513779,
TIC_259543590,
TIC_259590908,
TIC_259593261,
TIC_259594997,14.491358048120212
TIC_259862052,
TIC_259862594,9.973910356889238
TIC_259976119,
TIC_260004064,7.766980111319637
TIC_260004910,20.43045413435944
TIC_260079513,3.227777271417737
TIC_260189950,9.419835059538938
TIC_260192754,
TIC_260243101,10.828472461089774
TIC_260355953,4.600721120509709
TIC_260401770,
TIC_260503442,
TIC_260507500,12.8788090106376
TIC_260542038,9.820108860943222
TIC_260605873,12.85266750704003
TIC_260655847,2.6305548041279367
TIC_260659557,
TIC_260709282,10.446860785314415
TIC_260749554,10.192053913593764
TIC_260755229,11.804962998827365
TIC_260795727,
TIC_260854773,22.213212900486614
TIC_260898392,
TIC_260971201,7.889761556801062
TIC_260981689,11.254396669346415
TIC_260994536,10.17676686120466
TIC_261091569,11.145242592225777
TIC_261107827,11.537215974991318
TIC_261138245,7.963718757150945
TIC_261205435,2.6292188532382452
TIC_261237964,6.8305338356411225
TIC_261259521,9.741772415074633
TIC_261260594,10.82230042788751
TIC_261332418,9.832022787106133
TIC_261580883,
TIC_261593405,3.513364032280098
TIC_262614074,
TIC_262687961,7.7151531733456835
TIC_262883439,10.287879034954425
TIC_262958781,15.12022068503495
TIC_263078990,10.889019193205273
TIC_263602077,
TIC_263951758,
TIC_263969664,11.90556309622672
TIC_264029177,
TIC_264053070,5.88783716414212
TIC_264053336,10.487164866045505
TIC_264076313,17.43086037600633
TIC_264172684,7.622706789916361
TIC_264175756,7.5974601169332825
TIC_264217214,
TIC_264222470,3.862332676641575
TIC_264297610,8.346048656299791
TIC_264309181,17.78336689390102
TIC_264871967,11.225927436070865
TIC_264898884,21.149181335066682
TIC_264934180,
TIC_265052133,
TIC_265285561,4.133120636224741
TIC_265306802,16.992520511151746
TIC_265343271,10.504827574601906
TIC_265348271,
TIC_266347241,
TIC_266877890,
TIC_266904464,12.585558504593005
TIC_267061366,12.211417070799264
TIC_267082653,16.946553616167378
TIC_267082843,5.836972331719906
TIC_267084318,
TIC_267210445,13.838497419842575
TIC_267396248,9.68533298309354
TIC_267484709,
TIC_267548593,
TIC_267819419,
TIC_268322670,16.501891648290858
TIC_268331113,11.438316369341017
TIC_268393135,
TIC_102986980,12.495087970251207
TIC_103032255,11.088863966978003
TIC_103220149,
TIC_103657028,12.298076251078186
TIC_103683964,
TIC_103689487,
TIC_103805849,
TIC_105799467,
TIC_111750740,
TIC_113329742,5.3092131701126215
TIC_114803441,
TIC_115524349,
TIC_116044700,
TIC_116162002,
TIC_116164903,
TIC_116361759,
TIC_116363657,10.096053411236262
TIC_116502488,13.497318926778902
TIC_117218706,11.398691946136545
TIC_118298989,10.691790007586977
TIC_119246946,11.283420951276359
TIC_120423284,10.231462218285477
TIC_121791946,11.213467447470304
TIC_121988957,
TIC_123091906,10.374572662397542
TIC_123128041,
TIC_123311202,13.709073133606173
TIC_123361631,
TIC_123489614,
TIC_123551006,
TIC_123699670,2.2466618274611223
TIC_126367263,10.466454631849704
TIC_127761120,8.320761105391158
TIC_130203297,
TIC_137119521,9.463150870812719
TIC_137123484,11.70222298368004
TIC_137265970,
TIC_137343525,
TIC_137421889,11.425056008368875
TIC_137700657,5.063145543948517
TIC_137810576,4.4900708383007295
TIC_137985230,
TIC_138418106,
TIC_138474630,10.421135343552223
TIC_138485774,7.680799039894538
TIC_138558958,15.8271693519116
TIC_138577559,8.895275665059772
TIC_138589695,10.911140263430323
TIC_139230733,8.88994294450166
TIC_141006895,
TIC_141155264,8.608649573345502
TIC_141206921,13.0252915325839
TIC_141210448,10.826949896432307
TIC_141413219,
TIC_141606060,20.398754356163415
TIC_141610759,
TIC_141627237,
TIC_141679474,4.663245119850063
TIC_141757732,
TIC_141805180,
TIC_141860204,4.50539233785403
TIC_141860869,8.987123187347738
TIC_141875398,7.796002773858438
TIC_141978023,
TIC_142043413,
TIC_142089212,
TIC_142109390,
TIC_142140058,13.031045706707438
TIC_142349770,14.973414659285762
TIC_142382528,12.13441597673925
TIC_142441042,
TIC_142519130,8.63713258548673
TIC_142519531,
TIC_142634387,
TIC_142725881,5.410304514027468
TIC_142782752,
TIC_142809647,
TIC_142848077,
TIC_142932172,13.079607222007166
TIC_142945689,11.257184193781272
TIC_142963647,10.722178397219086
TIC_143275486,
TIC_143401454,
TIC_144124311,
TIC_144277475,8.265730637310824
TIC_144313499,15.04946441253285
TIC_144335025,
TIC_144750454,14.315213222854943
TIC_145750604,3.233714764362908
TIC_145979593,3.590354043339457
TIC_146264536,
TIC_147293226,9.238724301129107
TIC_147345947,11.467592864420988
TIC_147613128,
TIC_147628163,7.37162917942435
TIC_147641744,6.562180391944944
TIC_147644187,
TIC_147672206,
TIC_147680681,
TIC_147796882,
TIC_147855507,
TIC_147891470,3.827481132691887
TIC_147893739,
TIC_147898225,10.156528852698903
TIC_147950938,10.52186634017552
TIC_148001905,10.813812646629597
TIC_148096456,12.541967565316492
TIC_148562084,10.283332608361658
TIC_148562228,8.777896953061623
TIC_148618548,12.180312779232993
TIC_148765586,5.626112103688663
TIC_148916165,12.39520826789439
TIC_148916991,11.880545768344176
TIC_149038292,
TIC_149159039,
TIC_149345278,
TIC_149347992,5.873418180290756
TIC_149363045,4.232109804501951
TIC_149390710,3.8834230278057658
TIC_149398070,
TIC_149441771,
TIC_149441973,11.254739044204467
TIC_149451912,
TIC_149894112,
TIC_149901064,5.811923552078748
TIC_149917324,
TIC_149971055,4.817062790986222
TIC_149976395,4.883491601043621
TIC_149978296,
TIC_149992479,
TIC_150030411,3.936721777033851
TIC_150150095,
TIC_150249737,11.599961035263643
TIC_150316909,
TIC_150322991,
TIC_150326709,3.9570261337732546
TIC_150342503,11.326207324613474
TIC_150356135,12.167352857440752
TIC_150393140,7.433462588007712
TIC_150393390,9.22979919065618
TIC_150430044,
TIC_150442152,
TIC_153858138,10.791148509372482
TIC_153893197,11.256055824498432
TIC_153950008,
TIC_153990174,20.217866605699182
TIC_153990923,10.429167224080516
TIC_154010909,
TIC_154068408,10.566848645344997
TIC_154182988,10.396856383145707
TIC_154214348,
TIC_154223690,12.27783479785601
TIC_154344008,9.46006455467103
TIC_154346102,
TIC_154385126,
TIC_154486328,5.876076153434181
TIC_154490761,
TIC_154653061,9.105472335869402
TIC_155028080,7.7816274574040785
TIC_155360134,12.44561075946498
TIC_155459659,11.53019983649597
TIC_155633373,
TIC_155774779,11.062293221760497
TIC_155969363,
TIC_156085643,13.489122298943585
TIC_156086284,
TIC_156139532,21.38898631700966
TIC_156457345,
TIC_156463699,7.118391937671378
TIC_156493690,
TIC_156945430,
TIC_157010816,
TIC_157263760,7.020588425808769
TIC_157321602,8.240997461090327
TIC_157328623,9.660187601622354
TIC_157349284,11.02897862041507
TIC_157649067,10.782479805617399
TIC_157694092,12.573385176306669
TIC_157765164,
TIC_157977816,12.200402664932707
TIC_158000309,10.986178767752833
TIC_158003177,13.007373016390773
TIC_158088633,11.348491943983316
TIC_158447307,10.342378342739883
TIC_158447878,
TIC_158587933,11.967634489783592
TIC_158588517,
TIC_158591045,11.888565966790697
TIC_158714829,
TIC_158781686,
TIC_159105020,
TIC_159145231,10.875230742228977
TIC_159212711,13.510400462037783
TIC_159332615,3.7529832990769747
TIC_159539923,2.371265307953423
TIC_159539998,13.666837315815078
TIC_159546913,5.813611912435194
TIC_159613699,14.864673049513804
TIC_159631371,
TIC_159634826,7.389044392594516
TIC_268603238,15.22818169211217
TIC_268614032,
TIC_268750437,
TIC_268754714,8.960354445821242
TIC_268830428,7.1114786913577825
TIC_269407885,7.997818510463338
TIC_269475596,8.136612855950627
TIC_269573233,14.142398689516039
TIC_269698397,6.79249368244911
TIC_269854349,14.044075699440326
TIC_269932980,10.87047164183987
TIC_269935069,
TIC_270023217,
TIC_270243569,8.138280398238276
TIC_270245797,9.561080264594922
TIC_270247756,11.853497855017412
TIC_270291867,12.859501225335416
TIC_270344943,3.8637186508044903
TIC_270391245,11.272452075574652
TIC_270627594,
TIC_270677029,
TIC_270858200,4.8461059439713345
TIC_270986100,8.28001557676238
TIC_271701447,3.8028687836440653
TIC_271775694,10.878652394025602
TIC_271886778,10.27303290626703
TIC_271903890,9.341409200813718
TIC_272285352,
TIC_272357006,5.614752776869308
TIC_272650711,
TIC_272670678,
TIC_272678898,11.52637230724295
TIC_272679402,
TIC_272679869,9.13771757742196
TIC_272701896,14.250501678817859
TIC_272760235,4.6378920070017475
TIC_272784360,4.128873151109085
TIC_273119951,6.3446168955314235
TIC_273279154,11.749703457105127
TIC_273370115,
TIC_273396767,
TIC_273420262,11.282507352573766
TIC_273569277,11.023793573352163
TIC_273606667,
TIC_273652436,12.570758804692137
TIC_273733875,9.53609663502518
TIC_273847957,
TIC_274012361,10.288420304743141
TIC_274221551,8.059809851806026
TIC_274487118,12.521880075941244
TIC_274578213,8.477250865519549
TIC_274677097,12.50835821606177
TIC_274724250,14.099234295994442
TIC_274726293,9.831213877828644
TIC_274801993,3.2915281888845875
TIC_274802274,
TIC_275048984,
TIC_275061038,11.583254460169101
TIC_275178067,10.513579251091619
TIC_275250249,
TIC_275263852,10.780366846519666
TIC_275364579,7.852529994624698
TIC_275492464,6.954813662560258
TIC_275502466,11.200936767298003
TIC_275631920,19.409526455268345
TIC_276078538,13.788755115662315
TIC_276864676,
TIC_276905630,
TIC_276967365,14.617960063217001
TIC_277276155,9.586870556887972
TIC_277774779,1.6190932057579248
TIC_277810712,9.470750514315492
TIC_278024624,9.688931962900634
TIC_278268494,
TIC_278326347,11.048593434789435
TIC_278328989,
TIC_278731442,4.0270224718791345
TIC_278777449,8.627897974732019
TIC_278824686,4.610997158900238
TIC_278865342,
TIC_278899512,
TIC_278957439,
TIC_278960800,
TIC_278987334,11.011493539409697
TIC_279088394,6.656697269917549
TIC_279088861,
TIC_279090824,3.0600471395141753
TIC_279091008,3.7032934144944054
TIC_279249069,16.200894124788846
TIC_279359927,8.727992447669084
TIC_279477819,10.069260257154271
TIC_279608372,7.549142118746749
TIC_279636884,
TIC_279727001,
TIC_279727206,
TIC_279727421,10.829862628820504
TIC_279741867,9.710327695663938
TIC_279834531,
TIC_279953380,10.701007469644733
TIC_279979689,7.6462098934738565
TIC_279980795,22.201520035255673
TIC_280033832,
TIC_280051835,10.71301545154293
TIC_280096428,19.107838790320177
TIC_280238605,
TIC_280726888,2.575256022592571
TIC_280933758,
TIC_281563487,7.790278305733699
TIC_281597433,9.034611373942202
TIC_281631335,
TIC_281637751,10.359946696020444
TIC_281678926,15.600359637546733
TIC_281692029,
TIC_281797748,
TIC_281924940,9.585057587659303
TIC_281982431,
TIC_282230756,
TIC_282924596,14.633323498448453
TIC_283771694,
TIC_284181945,9.051115309849102
TIC_284182668,8.058813748400928
TIC_284190466,
TIC_284203323,12.898906983932385
TIC_284555713,5.592435357808341
TIC_284627497,12.530436152446434
TIC_284660452,
TIC_284679169,
TIC_284902257,8.811425875676461
TIC_285971448,12.863601336496425
TIC_286098249,
TIC_286216238,
TIC_286311250,
TIC_286507416,
TIC_287139051,
TIC_287140025,4.016554128450224
TIC_287151392,12.23816214862166
TIC_287221547,
TIC_287261757,10.386384744770657
TIC_287286222,
TIC_287496048,
TIC_287589266,
TIC_287769668,
TIC_287837391,3.6940708602471606
TIC_287867700,9.934366659865205
TIC_288108572,11.784391751450581
TIC_288183622,10.725141452421067
TIC_288183829,3.932281387798697
TIC_288185404,
TIC_288185546,9.953193083490318
TIC_288237238,8.710850340602882
TIC_288240748,3.44054452441293
TIC_288298674,8.388038027096606
TIC_288344769,
TIC_288431266,7.021413734931823
TIC_288516967,
TIC_288524895,11.151425408888137
TIC_288601729,9.930885549267773
TIC_288636381,3.922504383978174
TIC_288735742,
TIC_288846484,6.338811499972429
TIC_289021161,
TIC_289077942,
TIC_289080311,10.334471670164929
TIC_289138845,10.935651068228903
TIC_289679763,10.97954214714476
TIC_289775373,12.322475027707991
TIC_289814345,
TIC_289818652,
TIC_289832595,9.216949949100204
TIC_289903576,8.612223915941684
TIC_289966090,11.950191943537488
TIC_290352455,12.972375895729787
TIC_290513411,
TIC_290546136,14.49783651131354
TIC_290651893,
TIC_290653996,9.719248912109606
TIC_290655383,12.14509369901836
TIC_292627233,
TIC_292698326,
TIC_292777606,11.441055368205443
TIC_293164978,17.4598529066371
TIC_293218474,5.233956450493442
TIC_293252336,
TIC_293271686,
TIC_293272754,7.855588416051903
TIC_293462404,4.561649649175722
TIC_293505416,16.689280027949728
TIC_293527488,10.044333240750031
TIC_293655750,12.474189325044282
TIC_293732840,5.132768954059405
TIC_293806873,6.590086339200749
TIC_294209068,
TIC_294292672,10.75646500767596
TIC_294330174,11.073567928372153
TIC_294501296,9.192845321298577
TIC_294784092,8.904910462000277
TIC_294785164,
TIC_295204397,16.262428741665378
TIC_295211073,11.490327094168727
TIC_337607213,9.251012802760082
TIC_337642856,10.802384874792686
TIC_338655597,
TIC_338993776,
TIC_338995234,8.430011072932997
TIC_339598472,12.436070991766572
TIC_339672106,11.80770229723235
TIC_339673707,4.0879690906398665
TIC_339769900,3.283293818938933
TIC_339770749,11.167209998144456
TIC_339887586,
TIC_339960404,8.869773605668877
TIC_340062939,
TIC_340174734,4.257837942129168
TIC_340179086,7.17870169576275
TIC_340181061,11.084634454295841
TIC_340255470,
TIC_340931059,
TIC_341188017,17.643398780015037
TIC_341571306,
TIC_341613432,
TIC_341631531,9.417902274086979
TIC_341686676,
TIC_341687229,11.002074786096813
TIC_341707548,4.959609349997425
TIC_341840037,9.437181003955015
TIC_341874424,10.803837646500085
TIC_341879249,3.3830620922080907
TIC_341929445,20.091120212053326
TIC_342169249,3.66459666839876
TIC_342365421,9.675069974717294
TIC_343402190,
TIC_343409358,
TIC_343598771,
TIC_343720260,10.32415159931234
TIC_343995519,10.913517716840968
TIC_344073005,8.282697812691023
TIC_344840363,13.656499572069555
TIC_344843690,10.50667993341398
TIC_344852533,3.0410910148273507
TIC_345032207,9.94004684747086
TIC_345456791,18.418752925092825
TIC_345598728,12.331778158365399
TIC_346004415,11.967725550113293
TIC_346722548,
TIC_347445677,
TIC_348842808,16.389554952739065
TIC_348994088,10.951291878017274
TIC_349190958,4.558145923266142
TIC_349196900,10.460552484690403
TIC_349247495,
TIC_350140570,9.012111085370437
TIC_350295877,3.117702107080553
TIC_350297922,4.101258507046157
TIC_350342269,4.025792258806497
TIC_350343922,4.190479358179033
TIC_350344761,10.14459650479166
TIC_350433501,14.794216916651045
TIC_350434379,
TIC_350499405,20.099427070814073
TIC_350516184,10.313047930359431
TIC_350584303,20.343960000928103
TIC_350708927,8.776525132190084
TIC_350716888,9.549556190468543
TIC_350764206,8.983957492958119
TIC_350825116,20.063580453129955
TIC_350934641,
TIC_350987178,9.284676069315283
TIC_351777785,13.565223573166683
TIC_352838223,11.015314478770438
TIC_353092646,13.524826335321986
TIC_353238549,8.25012588471715
TIC_353782112,
TIC_353784443,8.65605261553629
TIC_353855077,
TIC_353872814,
TIC_353934350,6.203610274530066
TIC_354242427,12.720807656524684
TIC_354785313,9.975231780061854
TIC_355510058,
TIC_355548896,6.708602631353903
TIC_355753487,10.006284999962947
TIC_355835562,21.440315587067403
TIC_355951649,17.95007020077098
TIC_356111753,
TIC_356111938,3.6227580413878737
TIC_356150954,10.420492529514268
TIC_356198029,9.639452954871057
TIC_356226401,
TIC_356337657,
TIC_356340717,13.86524938709781
TIC_356672218,10.980039084930858
TIC_356700209,10.652448051128912
TIC_356744534,6.969759388483263
TIC_356785943,9.548872938455228
TIC_356892348,2.94140092164389
TIC_356893496,4.553205900379867
TIC_356894735,
TIC_356920007,4.693156940454033
TIC_356976847,9.749141412347571
TIC_357035841,11.045799919543413
TIC_357036834,11.318057125564682
TIC_357361953,10.236837773143415
TIC_357370845,11.369297432076632
TIC_357685075,10.125708825122391
TIC_357954926,10.98316568927763
TIC_358156337,4.451943219265715
TIC_358736833,10.255398204752822
TIC_358742213,
TIC_359278618,11.90697003822871
TIC_359356597,
TIC_359554914,15.183982685502455
TIC_359634548,7.953329604757116
TIC_360019958,4.397833314205951
TIC_361458540,3.9265290109185096
TIC_361741243,17.9777609281357
TIC_362064341,13.682875915464773
TIC_362103349,
TIC_362132072,7.279822506980011
TIC_362221842,
TIC_363348787,
TIC_364025794,8.322960294727089
TIC_364266724,10.290817228290072
TIC_364395684,2.0636323620055688
TIC_364406290,
TIC_364538492,6.914490935429418
TIC_364766176,
TIC_365052029,
TIC_365193283,7.63840491491842
TIC_365273563,
TIC_365301267,11.586324750890928
TIC_365480289,
TIC_365482475,10.285233492744165
TIC_365930577,
TIC_365968021,
TIC_366019099,10.670268617559499
TIC_366120745,17.446512568335912
TIC_366354149,14.88934860161941
TIC_366507361,
TIC_366620082,14.153957360576895
TIC_366676700,11.776609987288408
TIC_366834816,11.588080957183811
TIC_366961817,
TIC_367069074,9.841553868128353
TIC_367102989,10.194715630994168
TIC_367258984,13.417536898176312
TIC_367355815,8.308147265271378
TIC_367506710,
TIC_367613229,10.236584212060876
TIC_367614642,11.20558773354559
TIC_367737522,
TIC_367757382,8.49825015635404
TIC_368628548,14.194113168731663
TIC_369324314,18.46359654298384
TIC_369388331,
TIC_369769825,11.545095089834916
TIC_369771333,
TIC_369965957,
TIC_370010028,9.446687822192017
TIC_370140250,10.592794249417487
TIC_370223705,11.746921024859759
TIC_370228189,
TIC_370246784,10.326183682459352
TIC_370435127,8.378260049769269
TIC_371205495,12.513388101115515
TIC_371221281,8.904441606141512
TIC_371767006,4.986647378485767
TIC_372072912,3.688852264641733
TIC_372389503,10.725592560501756
TIC_372499725,
TIC_372731157,
TIC_372734827,
TIC_373016628,7.153421034286954
TIC_373448005,3.9446419289339256
TIC_373523595,10.383437265677706
TIC_373604254,
TIC_373626359,6.478387215727138
TIC_373675717,
TIC_373943437,14.625222723591769
TIC_374024673,10.529244922746322
TIC_374046378,11.37823901728026
TIC_374169490,
TIC_374312260,
TIC_374858999,3.608577491820859
TIC_374859230,3.9504209649237954
TIC_374911449,
TIC_375062809,
TIC_375091650,7.860417899111551
TIC_375688051,3.812314795147748
TIC_376197802,
TIC_376539888,9.427976122600704
TIC_376867523,
TIC_376925533,19.28911833983457
TIC_376927620,
TIC_377061908,
TIC_377100366,
TIC_377292679,4.370064406755536
TIC_377295633,3.411925221317709
TIC_377780437,13.715996714069028
TIC_377784111,14.68630443514426
TIC_219111587,
TIC_219112216,
TIC_219143616,
TIC_219176630,9.490838453001576
TIC_219234328,3.313793937199261
TIC_219400409,11.155531810400868
TIC_219432606,10.457114358163077
TIC_219463934,7.2583130236897215
TIC_219482627,
TIC_219499657,
TIC_219506236,5.009230639792159
TIC_219508951,
TIC_219581340,
TIC_219696302,14.159597709288306
TIC_219701594,8.554812699504563
TIC_219705379,11.48292454835327
TIC_219725322,10.856288096867273
TIC_219732543,9.243835062133572
TIC_219751469,6.875071472851911
TIC_219755548,
TIC_219771875,10.890498624022355
TIC_219777306,11.45193827576694
TIC_219777669,19.26178586297749
TIC_219788712,
TIC_219794415,
TIC_219802774,10.828409258031988
TIC_219805568,10.716519177452508
TIC_219811092,
TIC_219821654,
TIC_219845310,11.304225540748
TIC_219855548,10.336024488418776
TIC_219860013,
TIC_219867444,10.521414633013716
TIC_219873138,11.495265319811654
TIC_219992932,
TIC_220020672,10.056388849596987
TIC_220347617,
TIC_220378886,9.514775338090596
TIC_220399619,
TIC_220402024,6.913778553096815
TIC_220404759,
TIC_220406924,19.2271637670954
TIC_220407801,4.550379735212997
TIC_220417077,
TIC_220427527,10.677117612423356
TIC_220428118,10.478485378830324
TIC_220430008,10.948297970137798
TIC_220457739,4.492438107332395
TIC_220459451,
TIC_220517490,
TIC_220523140,18.57124303247492
TIC_220525353,
TIC_220538050,9.171045957633064
TIC_220554203,18.7410346025002
TIC_220563149,
TIC_220570421,11.009070256293642
TIC_220614593,8.564606327826068
TIC_220616167,15.096987720257761
TIC_224292441,9.693024885088246
TIC_224308090,11.061654601290357
TIC_224310681,15.50441140501664
TIC_224312054,12.119610286027216
TIC_224598071,10.500790666498684
TIC_224601836,2.7973973973574724
TIC_224605278,4.2756336466934215
TIC_229092982,
TIC_229147944,
TIC_229405342,13.764960212797895
TIC_229441400,23.761941826633425
TIC_229489199,10.877104068880127
TIC_229504417,
TIC_229533585,
TIC_229553174,
TIC_229582807,21.657579542922697
TIC_229594218,6.802088490725091
TIC_229606609,4.548349149768777
TIC_229613892,
TIC_229639858,19.76488100479066
TIC_229646945,
TIC_229669811,12.864226178100886
TIC_229673565,3.180901869920267
TIC_229675701,
TIC_229676324,10.112734525383354
TIC_229684208,11.005279570529282
TIC_229685723,9.684155638929429
TIC_229689153,
TIC_229713743,10.370406352773164
TIC_229738522,13.706707362277298
TIC_229739896,
TIC_229747669,10.53412204211537
TIC_229748825,
TIC_229752137,22.353437421090444
TIC_229786139,19.207306624409433
TIC_229795273,10.860798578593052
TIC_229795998,21.282190522703942
TIC_229802943,12.402586251384072
TIC_229849701,
TIC_229914817,
TIC_229940532,13.74557035338276
TIC_229969898,
TIC_229977160,10.866744758214413
TIC_230005218,
TIC_230024912,9.37167882261449
TIC_230070108,
TIC_230070344,11.01955747077772
TIC_230074954,19.471729047589722
TIC_230075248,
TIC_230076586,18.940629259906814
TIC_230079797,10.340806653430867
TIC_230080609,
TIC_230080910,
TIC_230082687,
TIC_230088835,
TIC_230092485,
TIC_230111524,3.963495910290395
TIC_230112519,11.923823088656224
TIC_230116331,12.743099464867925
TIC_230129250,
TIC_230129966,8.397693342565349
TIC_230200297,8.03746521199683
TIC_230200871,7.796318157304002
TIC_230238167,
TIC_230295593,
TIC_230382377,10.772772295206384
TIC_230385952,5.297887990916903
TIC_230392898,
TIC_230394278,
TIC_230394694,20.777434728035967
TIC_231016984,
TIC_231053750,10.287277857054065
TIC_231063412,10.549880870883683
TIC_231065613,15.379955897560105
TIC_231071120,10.300766467931574
TIC_231077890,12.325669627761478
TIC_231091547,
TIC_231098685,7.867078417439785
TIC_231272485,13.379382620031613
TIC_231274592,
TIC_231722966,12.85843126646143
TIC_231737189,11.081349692534326
TIC_231803967,9.934540543159256
TIC_231813167,11.806485263944275
TIC_231828182,11.450135041606414
TIC_231828422,3.865540456479626
TIC_231856135,9.956984967416911
TIC_232080070,13.41773279770139
TIC_232522304,11.271000801570041
TIC_232523752,4.3984126256455625
TIC_232524220,12.137951154407443
TIC_232614734,
TIC_232614964,11.70254199437455
TIC_232617075,8.740485011305353
TIC_232620788,2.1453955518602728
TIC_232620952,9.182345675881333
TIC_232623464,
TIC_232635891,
TIC_232647621,9.44922118646322
TIC_232682595,10.837777688531089
TIC_232962792,14.23034679281701
TIC_232967539,
TIC_232968276,
TIC_232968708,
TIC_233007430,11.607776647508897
TIC_233049900,
TIC_233051228,6.057756338445202
TIC_233055967,
TIC_233077177,
TIC_233085151,
TIC_233085869,
TIC_233124467,11.369617940473933
TIC_233152526,9.721410247007492
TIC_233153706,7.899427637008616
TIC_233158962,
TIC_233160374,9.834406530868502
TIC_233166655,7.629769338476947
TIC_233169301,9.56761324416985
TIC_233176858,
TIC_233180127,
TIC_233185497,9.166699923673752
TIC_233186332,1.5189891475229942
TIC_233189161,10.847194944141181
TIC_233190759,10.108102130650376
TIC_233193823,11.494165107341288
TIC_233205718,21.12495569287953
TIC_233424718,4.8480098237594245
TIC_233460011,5.31212230801412
TIC_233494936,3.805106651154578
TIC_233494956,
TIC_233514028,10.78818066152157
TIC_233521372,
TIC_233522055,
TIC_233529444,7.562106308991945
TIC_233537824,12.78477903584239
TIC_233539061,10.351075802388557
TIC_233539590,7.414177455460245
TIC_233573215,9.11762709264113
TIC_233580065,
TIC_233614532,18.82546909505317
TIC_233623612,6.9072365873051425
TIC_233646652,
TIC_295598663,10.607696691729828
TIC_296757803,3.8655638206431675
TIC_296805612,
TIC_297269362,
TIC_297541952,
TIC_297822958,8.982721663500014
TIC_297850978,
TIC_297962605,
TIC_298108181,
TIC_298159489,22.142411097819664
TIC_298263539,
TIC_298320798,9.986105252095767
TIC_298356285,
TIC_298363636,13.560090047079793
TIC_298496606,5.026515028623521
TIC_298537261,
TIC_298733302,
TIC_298781775,10.479146464842332
TIC_299088361,7.859063517116886
TIC_299155541,
TIC_299802045,11.970483120492329
TIC_299833107,9.812160402460394
TIC_299897380,
TIC_300011376,
TIC_300039724,10.692345355781931
TIC_300085625,
TIC_300088321,1.8678640356897462
TIC_300157797,6.899001543393231
TIC_300241371,
TIC_300328258,11.447011432665224
TIC_300330109,9.58293474372315
TIC_300444376,3.5166532871499863
TIC_300448273,10.521275646194699
TIC_300556408,9.638027441354456
TIC_300556816,
TIC_300560731,8.724298213964474
TIC_300561691,
TIC_300703844,
TIC_300708926,
TIC_300709762,12.593765616347861
TIC_300940126,9.729170144708915
TIC_301861807,
TIC_301867609,11.225715660896197
TIC_302206990,8.328381791618146
TIC_302261616,10.742821534329845
TIC_302303498,10.162507981781669
TIC_302330479,9.555372968568749
TIC_302440596,
TIC_302501968,
TIC_303156867,11.611099450921307
TIC_303337836,
TIC_303339838,11.331675437503904
TIC_303438002,9.214220835074201
TIC_303470984,14.915934024324272
TIC_303980842,
TIC_304133090,9.080360952251576
TIC_304178155,
TIC_304216847,6.642284801073327
TIC_304405981,
TIC_304498801,9.169423945510266
TIC_304550604,
TIC_305168532,10.751635515255668
TIC_305260539,
TIC_305544030,12.78211372395529
TIC_305725166,
TIC_305795749,20.035628526398465
TIC_306577373,
TIC_306666732,
TIC_306690965,11.15201131022003
TIC_306898941,12.421990788286564
TIC_307125717,13.187856387101398
TIC_307250539,8.825165426656627
TIC_307325401,8.789355278035472
TIC_307807878,
TIC_307984288,
TIC_308234803,
TIC_308457039,12.23768408189073
TIC_308519636,
TIC_308616873,10.40780578871113
TIC_308821405,7.655631745159389
TIC_309029591,17.113357568664902
TIC_309436331,
TIC_309552570,
TIC_309780483,8.072194562120046
TIC_309807304,2.449399863485767
TIC_309854901,10.108797364286021
TIC_309855268,
TIC_310028784,
TIC_310054248,8.745604908296844
TIC_310104035,
TIC_310133917,7.059715461916307
TIC_310307848,6.92029835288718
TIC_310380391,11.772354714118238
TIC_310478750,4.0580015554920665
TIC_310512172,11.264278512362317
TIC_310666112,
TIC_310764588,10.74831900219498
TIC_310836777,11.361737627468104
TIC_311070321,
TIC_311088345,6.799718600713541
TIC_311844434,8.776434371400942
TIC_311864730,14.157037835677698
TIC_311884863,
TIC_312485893,
TIC_312848710,8.794660815287925
TIC_312885596,10.097450019088996
TIC_313008241,12.430087369575434
TIC_313027441,
TIC_313056563,11.336384514619787
TIC_313110355,
TIC_313144297,9.574893277896994
TIC_313275161,
TIC_313303666,11.250842920163612
TIC_313422570,10.441025735240157
TIC_313484098,
TIC_313485965,9.112292724609947
TIC_313550416,
TIC_313551384,10.850532724581502
TIC_313553792,
TIC_314149533,
TIC_314369052,
TIC_314579347,4.552086816854331
TIC_315330870,
TIC_315923151,
TIC_316172478,10.07990278341779
TIC_316185121,
TIC_316332568,
TIC_316632108,
TIC_317019578,
TIC_317099861,12.453190034209792
TIC_317130136,
TIC_317181516,
TIC_319063231,
TIC_319246375,11.28807101890227
TIC_319437757,11.114306043372114
TIC_319506938,
TIC_319518192,8.841999006947855
TIC_319555742,
TIC_320279714,14.118117332785058
TIC_320324154,11.276971543517178
TIC_320419323,
TIC_320495794,
TIC_321107985,
TIC_321219021,
TIC_321297169,13.675728877745481
TIC_321448869,5.113295223287965
TIC_321601485,
TIC_321671083,11.1084635047839
TIC_321723859,7.448900365461459
TIC_321863578,
TIC_321908147,
TIC_321983989,
TIC_322586023,14.441436618686133
TIC_322736182,5.527440298632895
TIC_322769378,
TIC_322784020,
TIC_322810819,
TIC_322953678,
TIC_323474457,19.120033685526703
TIC_323495408,
TIC_323523846,
TIC_323735258,
TIC_323973835,9.470979962383094
TIC_325220689,
TIC_325376866,13.386176199892198
TIC_327251785,11.003869932662266
TIC_327595545,5.297329347775811
TIC_327670036,
TIC_327938692,
TIC_328899669,
TIC_329086093,13.45047617520228
TIC_329248278,
TIC_329331867,
TIC_329637339,
TIC_329709914,11.093760856023895
TIC_329769218,
TIC_331153739,12.430963825248805
TIC_331355697,
TIC_331747429,10.77330697510282
TIC_331868017,12.51357141993715
TIC_331868510,10.384377223949421
TIC_332277745,
TIC_333015696,
TIC_333731944,
TIC_334799128,11.822762297878318
TIC_334832548,12.2206210535319
TIC_334833530,7.862244806336819
TIC_335721422,
TIC_335916346,8.074879381586003
TIC_335966219,
TIC_336074536,18.883457750801412
TIC_336118727,
TIC_336258298,8.189960505174843
TIC_336319206,
TIC_336813972,
TIC_337007583,3.0650063329961776
TIC_337185057,
TIC_337220441,12.7886461044491
TIC_337418079,10.210670209517282
TIC_337546639,9.888350939769847
