TIC,logg_pred
TIC_872755,2.3676463422591785
TIC_992137,2.5708675435583945
TIC_1713395,2.626408142610089
TIC_1713457,3.1272342846630155
TIC_1828620,2.4444933085400002
TIC_2020365,2.5696881625027013
TIC_2143575,2.702807093769782
TIC_2835941,2.499637515812954
TIC_3095329,2.619395275055829
TIC_3308690,2.4743546381500243
TIC_3662563,2.623719596335384
TIC_3717225,2.3819092876834933
TIC_3755225,
TIC_4000387,2.5211388575567932
TIC_4248151,2.648039413131839
TIC_4375457,
TIC_4588120,
TIC_5671350,2.0040587002272163
TIC_7802263,2.598429608870808
TIC_7985934,2.65446086558394
TIC_8995067,2.5664987738163743
TIC_10747908,2.5605696222521788
TIC_12810761,2.459571131596478
TIC_13002588,2.5723341638545114
TIC_13434305,2.675698485749323
TIC_14341652,
TIC_14601264,
TIC_16326334,2.619078587895544
TIC_17657588,
TIC_17661643,
TIC_18319134,
TIC_18385743,2.53897694314806
TIC_18532769,
TIC_18631875,
TIC_19029779,
TIC_19064095,
TIC_19112687,
TIC_19911846,2.4000891643799886
TIC_20231212,2.494283200660122
TIC_20530242,
TIC_20995501,2.7486309774628817
TIC_21119523,
TIC_21151196,2.9611376854643248
TIC_21227177,
TIC_21969291,
TIC_23747667,
TIC_25161053,2.4820050450345144
TIC_26699664,2.7808385253466055
TIC_26774737,
TIC_26966422,3.4979337132286643
TIC_26967802,2.5233676908902694
TIC_27006649,2.402779435229006
TIC_27186427,2.5238926122639884
TIC_27239501,
TIC_27543613,2.5762492729349655
TIC_27548343,
TIC_28912737,
TIC_28960026,
TIC_29370344,
TIC_29521909,2.536591547752245
TIC_29868657,2.5692042567123923
TIC_29987134,3.6353718734002074
TIC_30853028,2.4528959552160625
TIC_31190175,2.44776212526211
TIC_31506424,
TIC_31508240,2.8444530322308514
TIC_31511890,
TIC_31655134,
TIC_31705248,3.1667611048936863
TIC_31778786,
TIC_31795900,2.8156603123160893
TIC_31852879,
TIC_31960529,2.7080971115859866
TIC_32072326,
TIC_32645011,2.445561633517805
TIC_32681771,1.9482859018869738
TIC_33834943,
TIC_33839693,2.6104245763786698
TIC_34884074,2.5099371942326205
TIC_38515329,2.728968674584001
TIC_38516267,
TIC_38573074,
TIC_38586863,2.252875270988359
TIC_38632722,2.4591879832468906
TIC_38823638,
TIC_38846146,2.161516760269137
TIC_40456260,2.5479049992849108
TIC_40622210,
TIC_40793484,2.088155841995507
TIC_41173048,
TIC_41259424,
TIC_41338480,
TIC_45410088,
TIC_47971007,2.6869676433804286
TIC_48023276,2.559260149722884
TIC_48309786,
TIC_48432406,2.689502230723832
TIC_48447365,2.5120625531073544
TIC_48784515,2.374431208073688
TIC_48874795,2.8537087737566207
TIC_49003307,
TIC_50272813,2.6635737114853177
TIC_50381965,
TIC_51904348,2.6135597548611402
TIC_51909321,
TIC_51991640,
TIC_52054736,2.6774006568651987
TIC_52059209,
TIC_53194797,2.2247638636791804
TIC_53668717,2.999356285922513
TIC_55385407,
TIC_55398886,2.544410344675726
TIC_55399286,2.3868499653144606
TIC_55478023,2.6025914947736206
TIC_55478222,2.5449268058735726
TIC_55478693,2.598765608009478
TIC_55497082,
TIC_55523592,2.505956876719676
TIC_55526024,2.492118990054653
TIC_55557848,2.6067032053256844
TIC_55559067,2.1817140635197227
TIC_55664116,2.406406182468777
TIC_55748603,
TIC_55755059,3.005841222232791
TIC_55761670,2.694241604977753
TIC_56976008,2.783084683737354
TIC_57607316,
TIC_58341644,
TIC_59492462,2.5132740502922237
TIC_59713507,2.6226898953143487
TIC_60145709,2.8235702371291493
TIC_60998516,2.44962141160567
TIC_61017000,
TIC_61877025,2.473918678779513
TIC_62598633,
TIC_63309193,
TIC_63456028,2.8098866510563756
TIC_64366713,2.4673776938040826
TIC_66287504,2.6049428379615507
TIC_67749159,
TIC_68197238,2.673347671322385
TIC_69292626,2.620753003126732
TIC_69367836,2.4979247206685313
TIC_70547057,
TIC_70676013,2.468213396484545
TIC_71232752,2.856550298721096
TIC_71738687,2.7667633754896874
TIC_75938449,
TIC_76090277,
TIC_76188657,2.491345502205987
TIC_76196131,2.480150379248546
TIC_76569867,
TIC_77644776,2.4803263509066835
TIC_78106977,2.234313580046933
TIC_79548028,
TIC_79703670,
TIC_79705703,3.2351179918347226
TIC_79896346,2.370409110307591
TIC_80312692,2.3453578136895885
TIC_81008547,2.4004769658263054
TIC_82132800,2.6573632265342404
TIC_82350426,3.0572462920834282
TIC_82359031,
TIC_83540938,2.491270076484174
TIC_85517670,
TIC_85791699,
TIC_86016650,
TIC_86119217,2.4420463653647166
TIC_86369354,2.575394274545687
TIC_86375079,
TIC_87144474,
TIC_87316852,
TIC_89296598,2.204025629798995
TIC_90591154,2.4843840464897187
TIC_90801126,
TIC_91790437,2.4971973407783676
TIC_91987997,
TIC_93714388,
TIC_95076851,2.8917456390618588
TIC_95162597,2.674267764257171
TIC_95663199,2.7347396778028816
TIC_96801217,2.427824061323725
TIC_96861698,2.5290571917033215
TIC_97807056,
TIC_99319677,2.557051539463656
TIC_99644109,2.406730727830882
TIC_99654411,2.391295039335019
TIC_99905293,2.3983566830570946
TIC_99919259,
TIC_99921120,2.394313109459938
TIC_99971936,2.618361392755565
TIC_100011651,2.93938743558459
TIC_100014010,
TIC_100015126,2.4497775018505084
TIC_100663923,
TIC_101014719,2.418639596779677
TIC_101767462,
TIC_101927602,
TIC_102070580,2.944910759020034
TIC_102886565,
TIC_159762838,2.5527531356074937
TIC_159854029,2.469497521025362
TIC_159854769,2.3232092684915417
TIC_159939904,2.6982379886900696
TIC_159943982,2.7553923093458548
TIC_159980985,
TIC_160067359,3.234946543116763
TIC_160196097,
TIC_160226383,
TIC_160268710,
TIC_160297263,2.7350827826758057
TIC_160419156,
TIC_160439883,3.3265566464507623
TIC_160472962,2.5926450286966096
TIC_160489074,1.7439317854210836
TIC_160491259,3.1553322207690746
TIC_160492937,3.5720631408628503
TIC_160536270,2.6851305324593944
TIC_160551662,2.447309310618131
TIC_160552281,2.6965406008274755
TIC_160585774,
TIC_160602762,2.4261209303032794
TIC_160603568,2.1839211281698976
TIC_160946910,
TIC_161002783,
TIC_161025306,
TIC_161026891,
TIC_161044231,2.4312562245184406
TIC_161058709,2.3061798780962235
TIC_161686782,2.8913303501787424
TIC_161721465,2.933265457088789
TIC_161732839,2.8186145284501363
TIC_161826896,2.8738782275724972
TIC_162146411,2.3794266490738574
TIC_162492265,2.6555480144530597
TIC_162519445,
TIC_162691719,2.922654509275309
TIC_162692735,2.506693335029333
TIC_163354593,2.585925875671229
TIC_163386233,
TIC_164323968,2.3594221727548774
TIC_164374883,
TIC_164409264,
TIC_164656364,2.627012036471659
TIC_164670275,
TIC_165286030,
TIC_165412165,
TIC_165416852,2.344240289535174
TIC_165466021,
TIC_165498199,2.5578005741501375
TIC_165530450,2.111347266565467
TIC_165626458,
TIC_165627514,2.4577514453838263
TIC_165639433,
TIC_165721718,2.423960656933504
TIC_165884080,3.186907907402144
TIC_166013497,
TIC_166064264,1.9806594807221853
TIC_166086376,
TIC_166767473,2.9266452555819726
TIC_167795786,
TIC_167799987,
TIC_167810464,3.040054775433178
TIC_167904255,2.782308578521778
TIC_167977224,2.9327828691335682
TIC_168700732,
TIC_168708182,2.376045572325754
TIC_168708413,2.9700480891188272
TIC_168809388,2.497497286552168
TIC_168809741,2.9549955815116897
TIC_169249207,
TIC_170574878,
TIC_171393734,2.4740435314519007
TIC_171520453,3.1471579337632805
TIC_172411691,2.312831951688681
TIC_175292843,
TIC_175409488,
TIC_176956040,
TIC_177115013,2.794865563037492
TIC_177241155,3.2093752710740127
TIC_177283605,2.32686393431169
TIC_177310977,
TIC_177349660,
TIC_178219488,2.8899613391617485
TIC_179638714,2.709811167622006
TIC_180893973,
TIC_181021137,
TIC_181150842,2.4030767453326307
TIC_181165209,3.284044425389694
TIC_181205079,2.564789606785835
TIC_181219375,2.2905307328552826
TIC_181233533,
TIC_182161229,2.305637125274897
TIC_182747470,2.368208813798114
TIC_183291816,
TIC_183306127,2.4069173072479972
TIC_183618947,2.7418849186377923
TIC_183979379,
TIC_184561799,
TIC_184783339,
TIC_185166645,
TIC_185191335,
TIC_185240401,
TIC_185247253,
TIC_185331435,2.466742074282992
TIC_185990643,
TIC_186812304,2.7178197572024763
TIC_188036547,2.7179506946936645
TIC_188308561,
TIC_188632911,2.318253297465729
TIC_188770072,2.2604024846964976
TIC_191327724,2.8600989520297406
TIC_192832113,2.50242634771088
TIC_193160044,
TIC_193291077,2.4045830796466388
TIC_193514772,
TIC_193728463,2.8135494303072073
TIC_193729604,
TIC_193774688,2.6660188568732286
TIC_193974158,2.4467933700464912
TIC_194243076,2.7222761792474013
TIC_194992101,2.6115458099948126
TIC_195138785,2.5404735482598153
TIC_195376497,2.0294562132732112
TIC_195711245,
TIC_197477797,
TIC_197583074,
TIC_197793057,2.4238528547694123
TIC_197847423,2.4697534088063517
TIC_197879853,2.7374952099604886
TIC_197880458,2.9466404745162005
TIC_197882175,2.3598626225264283
TIC_197883936,
TIC_198037452,
TIC_198083041,2.5338475385168713
TIC_198155740,2.9271959967616703
TIC_198159527,3.0909622242468524
TIC_198180316,
TIC_198208765,2.5745238851441488
TIC_198210171,3.082531984381792
TIC_198235935,3.3288068579978844
TIC_198240299,
TIC_198314359,2.5487964089695767
TIC_198356573,2.662700865378863
TIC_198362570,2.4229508047866304
TIC_198362724,
TIC_198365901,2.4109485485118634
TIC_198383789,3.3598969630750393
TIC_198407490,2.467062552252851
TIC_198491466,2.490241091324174
TIC_198507982,
TIC_198513366,3.285942303150885
TIC_198514070,
TIC_198560350,2.388627318108614
TIC_198587057,2.675943936601809
TIC_198614627,2.3668990809557156
TIC_198753166,
TIC_198838018,1.914795644914935
TIC_199523378,2.7572802423330045
TIC_199548781,2.7191888251629615
TIC_199573323,2.8661370120887195
TIC_199608168,2.425837026324498
TIC_199610976,2.882281362335629
TIC_199631687,
TIC_199631856,2.6934586726442915
TIC_199709017,
TIC_200376190,2.795954535115186
TIC_200377325,2.777029013903646
TIC_200509127,1.9791067130582953
TIC_200655425,2.277505869091558
TIC_200863732,2.3482858154806086
TIC_201860855,
TIC_201878303,2.4857902904153333
TIC_201897982,2.6222264403722533
TIC_201924718,2.3438887041494167
TIC_202278566,2.3674168762582197
TIC_202421707,2.3233552390644716
TIC_202422034,2.366687771793744
TIC_202466788,
TIC_202506277,2.4992486080359457
TIC_202511282,2.4771211807384415
TIC_206356201,2.447332543562641
TIC_207137122,2.32244420827961
TIC_207203189,2.521357813416188
TIC_207363233,
TIC_207384918,
TIC_207398184,
TIC_207401649,2.579847955168238
TIC_207461550,
TIC_207495585,2.3093881720217104
TIC_207497136,2.449302820905814
TIC_207499134,2.6412906006821997
TIC_208383886,
TIC_219003079,
TIC_219004896,
TIC_219006267,
TIC_219010723,2.357289362417548
TIC_219018221,2.244472038607813
TIC_219035650,2.435794718404108
TIC_219093356,
TIC_426643352,2.5206014086149557
TIC_426825464,2.697397470217187
TIC_427110585,
TIC_427321672,
TIC_427528756,2.482148379937269
TIC_427693430,2.128450227951733
TIC_429004910,
TIC_429030762,
TIC_429051149,
TIC_429307624,
TIC_429668055,2.8374746358258776
TIC_429825885,
TIC_430537546,
TIC_431479944,
TIC_431591408,3.152330647987106
TIC_433699099,2.824693144477201
TIC_433884861,1.981066610416456
TIC_434368864,2.681260001997958
TIC_434972994,2.4701066536881453
TIC_435259947,2.4605120658491333
TIC_435334037,2.8420746693562298
TIC_435909708,
TIC_436347553,2.5014990473570338
TIC_436637382,2.73143668685112
TIC_436658445,
TIC_436854102,
TIC_436868044,
TIC_436934707,2.7633352796872184
TIC_438365916,3.178308008471712
TIC_440703303,
TIC_441570210,2.5323637050167687
TIC_441571202,2.4246389352644724
TIC_441581077,
TIC_441590121,2.6208163730979273
TIC_441600983,2.325671277287705
TIC_441606296,2.271594841827211
TIC_441609314,
TIC_441629388,2.4877760889273177
TIC_441660868,3.1359393500873636
TIC_441686108,2.2929565906691622
TIC_441687079,2.6514837785032928
TIC_441689199,2.492733361518649
TIC_441691246,2.5001982953167152
TIC_441703000,
TIC_441707427,
TIC_441725988,2.4807074167514407
TIC_441761700,
TIC_441790929,2.506687966071568
TIC_441797545,2.524402500555966
TIC_441799643,2.599386763883741
TIC_441800221,2.451820927175836
TIC_441802597,
TIC_441804365,2.388633012457759
TIC_441813918,
TIC_443611410,2.3313344864772785
TIC_443886210,2.469752823101868
TIC_444044903,2.6548646762861376
TIC_444093913,
TIC_444630988,2.5212754893971256
TIC_445293761,
TIC_445329934,2.408587508660818
TIC_445392679,2.6120380946131485
TIC_445586826,2.2818893465239407
TIC_445794505,
TIC_445804831,
TIC_445856504,2.6961321451633324
TIC_445859383,
TIC_446155547,
TIC_446157188,
TIC_446172447,
TIC_446346728,
TIC_446668698,2.8042818694479945
TIC_446727999,
TIC_447337801,
TIC_447551565,
TIC_447823435,3.791478127494336
TIC_447939179,
TIC_448333264,2.8884105238461366
TIC_448695689,2.5583046704755565
TIC_449671536,2.8929162345503006
TIC_451599588,2.6561748646764674
TIC_451606344,
TIC_452283444,
TIC_452377101,2.4903245216739274
TIC_452377786,
TIC_452495510,2.0208910661421307
TIC_452510997,2.9956171159610583
TIC_452567678,2.6788717594275706
TIC_452697707,2.5063844409925915
TIC_452910671,2.534650360398416
TIC_453095415,3.7525682167804235
TIC_453097231,2.812301345912236
TIC_453102450,2.566559133917307
TIC_453239880,
TIC_453401266,2.254966040759432
TIC_453453566,2.315128336272581
TIC_453585488,
TIC_453746453,2.4537030234551125
TIC_454268353,2.4379221597836724
TIC_454295971,3.4619952115158226
TIC_454668455,2.400740272530752
TIC_454748201,
TIC_454854466,
TIC_455272199,
TIC_455867811,
TIC_457017274,
TIC_457089746,
TIC_458483231,2.4617017618115633
TIC_458484258,2.8941926391806336
TIC_458613101,2.379080530263279
TIC_458685167,2.4191471422537205
TIC_458685648,2.66858216000589
TIC_459186567,2.482806972089765
TIC_459220068,2.490544648942289
TIC_459220381,2.0601094478839914
TIC_459307286,2.643502448585656
TIC_459893459,
TIC_459893929,2.3913284244905753
TIC_459909838,3.472580323253755
TIC_459926477,
TIC_459957072,2.4564624725114528
TIC_459978312,2.8895698933319793
TIC_459984696,
TIC_461167379,2.469673752996603
TIC_461499000,
TIC_461513366,
TIC_461537767,
TIC_461636387,2.4767262532209093
TIC_461652875,
TIC_461736510,2.8371777975397534
TIC_462197287,
TIC_462507471,
TIC_462511589,
TIC_462518592,
TIC_462543135,2.5042607741530314
TIC_462544179,2.67113283795302
TIC_462546411,
TIC_462618497,2.4679904383111806
TIC_464375439,2.7284835323064494
TIC_467335635,
TIC_467356520,
TIC_467543861,2.501104640465709
TIC_467934911,2.6943012492176504
TIC_467969559,
TIC_468263946,3.2934579980041834
TIC_468264519,
TIC_468377266,
TIC_468585397,2.8269768591342546
TIC_468701602,
TIC_468920804,
TIC_469347830,2.5739840283061017
TIC_469468503,2.4601708929875263
TIC_469521730,2.4079959471325383
TIC_469854402,2.1772223609144543
TIC_469905944,2.778539082083736
TIC_470022296,2.6115705234701
TIC_470119413,
TIC_470169809,2.4778487558634326
TIC_470204742,
TIC_470235690,
TIC_470696071,2.733141892241611
TIC_470913104,2.412603163677597
TIC_470917347,
TIC_378687599,
TIC_378913374,2.7834397101369515
TIC_378939909,
TIC_379364030,2.461019448627487
TIC_379377074,
TIC_379602223,2.880206487933454
TIC_380037612,2.4363815617573827
TIC_380394028,2.9135837852880324
TIC_380527368,2.387207472823328
TIC_381003569,
TIC_381205959,2.5856377904132186
TIC_381360549,2.846916383266456
TIC_381975295,
TIC_381975502,
TIC_381978020,1.9692024502432304
TIC_382028854,
TIC_382033285,3.0888793614863057
TIC_382043798,3.0884467536470055
TIC_382043962,2.7503783617109656
TIC_382044361,3.2744715411557075
TIC_382067256,3.310832238183699
TIC_382159212,
TIC_382160281,
TIC_382187278,
TIC_382198789,2.239984370855653
TIC_382200050,2.3775387282888842
TIC_382260143,2.532006278855746
TIC_382276084,3.2513048463306045
TIC_382426322,2.856923872429336
TIC_382579369,3.3056331997972563
TIC_382903517,2.613843333448542
TIC_383553523,2.501952968331704
TIC_383720597,2.557550120405189
TIC_383946834,
TIC_384526619,
TIC_384741153,
TIC_387018319,2.554629879198574
TIC_387087232,
TIC_387290231,2.427678546298727
TIC_387412503,2.606246128054631
TIC_387701104,2.106248383645693
TIC_388135434,
TIC_388180971,2.4688533437109856
TIC_388205206,2.850641911194317
TIC_388320750,2.445663090549993
TIC_388436597,
TIC_388606621,
TIC_388761462,2.594095102841069
TIC_388816797,
TIC_389086433,
TIC_389371996,3.098943944634145
TIC_389424817,
TIC_389876025,2.457716270575682
TIC_390017653,
TIC_390198316,2.4473422402257556
TIC_391891312,
TIC_391904102,
TIC_391946816,
TIC_392567622,
TIC_392571044,3.1855619584991857
TIC_393489565,
TIC_393961551,2.729220137042227
TIC_394128404,
TIC_394151928,
TIC_394225555,
TIC_394239976,3.0305435691352125
TIC_394323335,2.6000526122640046
TIC_394341775,
TIC_394558419,
TIC_394577535,2.504339583945193
TIC_394584352,3.438710855167823
TIC_394679100,2.727520455170406
TIC_394729489,2.43304581202847
TIC_394914058,
TIC_394921606,2.5123297319692197
TIC_395390452,2.8313938498450493
TIC_395393368,2.166062998469642
TIC_395400225,2.3809086441126643
TIC_395404732,
TIC_395609561,2.33689197600759
TIC_395732531,2.79986894663787
TIC_396108464,2.718688731151513
TIC_396203066,
TIC_396203108,2.7855386614675277
TIC_396452770,3.3775538707460937
TIC_396472479,
TIC_396532068,2.6802743020262416
TIC_396544264,
TIC_396662070,2.3613668417964684
TIC_397042227,2.2784118888491722
TIC_397121536,2.9361491893826024
TIC_397143059,2.558794368232424
TIC_397148644,
TIC_397149515,2.5406010203328093
TIC_397726678,
TIC_397920546,
TIC_398229478,2.7652805100289397
TIC_398238180,2.4749963424899146
TIC_398238189,2.549518777832493
TIC_398267218,2.4618114837847953
TIC_398285028,2.3446583523798026
TIC_398285684,2.580725877380216
TIC_398306318,1.9404714977471187
TIC_398337480,2.526611257241315
TIC_398940200,
TIC_399718508,2.485449442945106
TIC_399735209,
TIC_399762693,2.3954929135244254
TIC_399924619,2.869033377702849
TIC_399948581,2.59787694788197
TIC_400093704,2.396559448849642
TIC_400106146,
TIC_400157138,
TIC_400335656,
TIC_401278539,
TIC_401361966,2.317528358010913
TIC_401501843,
TIC_401574714,
TIC_401826612,
TIC_403069041,2.6088710928537444
TIC_403123914,2.3622416239816326
TIC_404849302,2.559244124197434
TIC_404853236,2.4704521867942404
TIC_405413133,2.439374934676583
TIC_405527245,
TIC_405559623,2.6308157315437066
TIC_405580462,2.4521125103911783
TIC_406319088,
TIC_406533529,2.008151147609602
TIC_406536209,
TIC_406807534,2.535672382182891
TIC_407113246,
TIC_407623738,2.0633558776791787
TIC_407965884,
TIC_409321615,2.483225946030257
TIC_410118032,2.560106639127584
TIC_410162322,2.748487463594868
TIC_410585410,2.6742135052446074
TIC_410931340,
TIC_411679817,3.119790566382906
TIC_411752883,2.7534912427491425
TIC_411886725,2.263626299790796
TIC_411932148,
TIC_413103252,2.85513164924913
TIC_413117060,
TIC_414827734,
TIC_414863222,2.4154107706581316
TIC_415009572,
TIC_415590003,
TIC_415703017,2.434940240641037
TIC_416106483,2.4699165600441293
TIC_416267693,2.850853354580233
TIC_416282724,
TIC_416402484,1.8550414227310572
TIC_416670255,2.8506027218700254
TIC_417670552,
TIC_417742791,3.182473603836253
TIC_417921531,2.5931698361833457
TIC_418261773,
TIC_418301218,2.7119358431748424
TIC_418352251,2.2320013489028416
TIC_418429142,
TIC_418654411,2.555429821366409
TIC_420287251,2.584771810064875
TIC_420304740,2.8461427205199237
TIC_420498917,2.3429164021677593
TIC_420536861,
TIC_420656048,2.4356202760854555
TIC_420729120,
TIC_420802447,2.8343951724823953
TIC_420889920,2.478252111017699
TIC_421252164,2.467740732966405
TIC_421896993,
TIC_422053386,2.7581061954742534
TIC_422156556,2.5068456507341668
TIC_423124005,
TIC_423385799,
TIC_423386494,
TIC_423443090,
TIC_424387147,
TIC_424437957,2.6182784830320194
TIC_424438735,2.487446857929345
TIC_424518918,
TIC_424696909,2.5216844738222606
TIC_424731682,2.85840118996706
TIC_424988021,2.3788264321348773
TIC_424995989,
TIC_425069023,
TIC_425086349,
TIC_425711370,
TIC_425796306,2.9261000053818074
TIC_425813582,
TIC_425852301,
TIC_425934616,3.3911938218348503
TIC_425938647,
TIC_425940120,
TIC_425997700,
TIC_426019989,
TIC_426286197,
TIC_426483393,2.6348439792068796
TIC_233727013,
TIC_233736455,2.5556009609625576
TIC_233801268,2.4181403813249536
TIC_233832738,1.8958173879292275
TIC_233837609,2.539682489276646
TIC_233839416,2.4803593455925843
TIC_233845020,2.657834669834707
TIC_233890069,
TIC_234306874,2.678838781011239
TIC_234343957,1.9577842714950107
TIC_234497281,
TIC_234497780,2.0912318968642873
TIC_234516451,
TIC_235061209,2.1881223213513765
TIC_235558207,
TIC_235714953,
TIC_235929979,
TIC_235937657,
TIC_235938726,2.4873713020509807
TIC_235953399,3.4565429535577037
TIC_235983031,2.4319677903875507
TIC_235983493,
TIC_236000210,2.6765626520407246
TIC_236339228,2.473495637446775
TIC_236389438,2.843383560248433
TIC_236761202,
TIC_236767893,2.7011976754666875
TIC_236868579,2.8528369567004046
TIC_236876084,
TIC_236889115,3.2401091376686804
TIC_237101581,2.6469706976843788
TIC_237111182,2.3276270421753438
TIC_237130078,
TIC_237282368,2.2100498607243364
TIC_237298086,2.4362701152098385
TIC_237308403,
TIC_237314921,2.483617619633992
TIC_237331910,2.5567197378737836
TIC_237337257,
TIC_237342147,
TIC_237909385,
TIC_237919436,2.442089902731319
TIC_237934406,2.524593700530673
TIC_237955524,2.7370700495163907
TIC_238005820,1.9276265428772255
TIC_238018529,
TIC_238073682,
TIC_238128711,2.3378128336121184
TIC_238159015,2.497167404771436
TIC_238192783,3.1250282938043936
TIC_238196326,2.3347170600257288
TIC_238198708,2.4742926185530547
TIC_238203650,
TIC_238227102,
TIC_238342082,2.6495358718174735
TIC_238346482,2.5002136537898365
TIC_238378233,2.4613801449718755
TIC_238546119,3.1832995773144632
TIC_238867738,3.495959433571521
TIC_238874890,2.5188633630994692
TIC_238891740,
TIC_238915288,2.4504646633661418
TIC_239931874,
TIC_240090986,3.3421402253286954
TIC_240151036,2.1607100499606045
TIC_240174511,3.219105677274908
TIC_240790853,
TIC_242988608,2.258063083372202
TIC_243149841,
TIC_243189630,
TIC_243279536,2.614756511816509
TIC_243416139,2.8725198080449124
TIC_244291185,
TIC_245166595,
TIC_247119634,
TIC_247408473,2.6770751597333087
TIC_247408804,2.4406931927731295
TIC_247480908,
TIC_247829471,2.830469207532036
TIC_247866345,2.371801590177845
TIC_248944100,2.636686149963868
TIC_248963902,2.5069480839404936
TIC_255559203,2.5705160557900513
TIC_255569629,3.047988077583173
TIC_255616848,2.678564476078159
TIC_255722709,2.8177139671329163
TIC_255873653,2.5141225408539087
TIC_256557483,2.0644258296138815
TIC_256615403,
TIC_256663870,2.8341686207679806
TIC_256747813,
TIC_256771115,
TIC_256801656,
TIC_256868095,1.9533521155122262
TIC_256977031,2.293117236393316
TIC_257004995,
TIC_257005016,2.532011712891787
TIC_257022352,
TIC_257046812,3.0519130460224315
TIC_257721857,3.7376092591949472
TIC_258389994,3.2148899716378945
TIC_258548184,2.5835747602572643
TIC_258627931,3.3092154660354236
TIC_258748584,2.899021650624875
TIC_258769833,
TIC_258770213,
TIC_258778547,
TIC_258803329,2.4897667357708593
TIC_258829890,2.3947312048437044
TIC_258906153,
TIC_258922669,
TIC_258955374,2.735128638455989
TIC_258957379,3.4670381271182893
TIC_259377427,2.408987349588184
TIC_259407892,2.46040797314677
TIC_259477845,
TIC_259513779,
TIC_259543590,
TIC_259590908,
TIC_259593261,
TIC_259594997,2.4221821978086595
TIC_259862052,
TIC_259862594,2.5339011630162442
TIC_259976119,
TIC_260004064,2.654357179620801
TIC_260004910,1.972763143032924
TIC_260079513,3.534662525524501
TIC_260189950,2.6321411482506063
TIC_260192754,
TIC_260243101,2.446656445353917
TIC_260355953,3.16228843768413
TIC_260401770,
TIC_260503442,
TIC_260507500,2.371599912600712
TIC_260542038,2.56206516984195
TIC_260605873,2.279247461373083
TIC_260655847,3.7082325349666987
TIC_260659557,
TIC_260709282,2.5158531674459383
TIC_260749554,2.653133838189711
TIC_260755229,2.5558827173582332
TIC_260795727,
TIC_260854773,1.889563886237755
TIC_260898392,
TIC_260971201,2.8635804567597942
TIC_260981689,2.643040555522183
TIC_260994536,2.4298554471680043
TIC_261091569,2.5147193737225395
TIC_261107827,2.4349364986401705
TIC_261138245,2.8341768796079365
TIC_261205435,3.6231130134834153
TIC_261237964,2.9093517124646207
TIC_261259521,2.4791899215131092
TIC_261260594,2.462181779174885
TIC_261332418,2.544397280211831
TIC_261580883,
TIC_261593405,3.4944420684897413
TIC_262614074,
TIC_262687961,2.924905932905321
TIC_262883439,2.565062138335896
TIC_262958781,2.2576672447588066
TIC_263078990,2.4561257900508853
TIC_263602077,
TIC_263951758,
TIC_263969664,2.3937401603185764
TIC_264029177,
TIC_264053070,3.0850045358586575
TIC_264053336,2.627615832715816
TIC_264076313,2.087309759330032
TIC_264172684,2.83906974504305
TIC_264175756,2.739741541215408
TIC_264217214,
TIC_264222470,3.362977963892791
TIC_264297610,2.645527359141479
TIC_264309181,2.2681324497733226
TIC_264871967,2.582340062667023
TIC_264898884,1.8530553639059693
TIC_264934180,
TIC_265052133,
TIC_265285561,3.3236979530236166
TIC_265306802,2.1547503766849943
TIC_265343271,2.393819555815221
TIC_265348271,
TIC_266347241,
TIC_266877890,
TIC_266904464,2.51708561983566
TIC_267061366,2.412383426878891
TIC_267082653,2.2459687087978444
TIC_267082843,3.0516254488514907
TIC_267084318,
TIC_267210445,2.372691242749061
TIC_267396248,2.4680487809855594
TIC_267484709,
TIC_267548593,
TIC_267819419,
TIC_268322670,2.4011507212170957
TIC_268331113,2.353641269503269
TIC_268393135,
TIC_102986980,2.5075433549305024
TIC_103032255,2.5628895000936924
TIC_103220149,
TIC_103657028,2.4734193331682377
TIC_103683964,
TIC_103689487,
TIC_103805849,
TIC_105799467,
TIC_111750740,
TIC_113329742,3.070535064525652
TIC_114803441,
TIC_115524349,
TIC_116044700,
TIC_116162002,
TIC_116164903,
TIC_116361759,
TIC_116363657,2.4692686732680245
TIC_116502488,2.377861353841849
TIC_117218706,2.5071714651226524
TIC_118298989,2.586188970871279
TIC_119246946,2.5221512152172907
TIC_120423284,2.604286491009574
TIC_121791946,2.5901441193610037
TIC_121988957,
TIC_123091906,2.6059582380314485
TIC_123128041,
TIC_123311202,2.324886661053854
TIC_123361631,
TIC_123489614,
TIC_123551006,
TIC_123699670,3.6477686341837128
TIC_126367263,2.415772410637521
TIC_127761120,2.701174654026574
TIC_130203297,
TIC_137119521,2.656632478843297
TIC_137123484,2.490800374027589
TIC_137265970,
TIC_137343525,
TIC_137421889,2.549517801658354
TIC_137700657,3.166100918323429
TIC_137810576,3.2588006272314654
TIC_137985230,
TIC_138418106,
TIC_138474630,2.5328700790818455
TIC_138485774,2.9093210280575157
TIC_138558958,2.184131721470834
TIC_138577559,2.7914086446767183
TIC_138589695,2.5519036688716694
TIC_139230733,2.790934914484961
TIC_141006895,
TIC_141155264,2.546995156178585
TIC_141206921,2.4573803039761497
TIC_141210448,2.4890199950936043
TIC_141413219,
TIC_141606060,1.8878393770036634
TIC_141610759,
TIC_141627237,
TIC_141679474,3.216568828461415
TIC_141757732,
TIC_141805180,
TIC_141860204,3.233225710805262
TIC_141860869,2.6922917052697333
TIC_141875398,2.855708511221833
TIC_141978023,
TIC_142043413,
TIC_142089212,
TIC_142109390,
TIC_142140058,2.395239401100507
TIC_142349770,2.2616990717271563
TIC_142382528,2.515035946995842
TIC_142441042,
TIC_142519130,2.614282318958884
TIC_142519531,
TIC_142634387,
TIC_142725881,3.1674467696089734
TIC_142782752,
TIC_142809647,
TIC_142848077,
TIC_142932172,2.4497056879730104
TIC_142945689,2.5203363122579208
TIC_142963647,2.567694912528122
TIC_143275486,
TIC_143401454,
TIC_144124311,
TIC_144277475,2.7565870488746698
TIC_144313499,2.3318894414753433
TIC_144335025,
TIC_144750454,2.3273549499036457
TIC_145750604,3.574947540208992
TIC_145979593,3.457244237059216
TIC_146264536,
TIC_147293226,2.68963005259256
TIC_147345947,2.4465668325679495
TIC_147613128,
TIC_147628163,2.8647030285479858
TIC_147641744,2.9278736324446637
TIC_147644187,
TIC_147672206,
TIC_147680681,
TIC_147796882,
TIC_147855507,
TIC_147891470,3.387793286682241
TIC_147893739,
TIC_147898225,2.5101165825002445
TIC_147950938,2.472843097573941
TIC_148001905,2.4361025386492967
TIC_148096456,2.4725287044228828
TIC_148562084,2.514823336268351
TIC_148562228,2.7241032437095876
TIC_148618548,2.5506432979015705
TIC_148765586,2.8861202240810364
TIC_148916165,2.326543814272349
TIC_148916991,2.4330636109369395
TIC_149038292,
TIC_149159039,
TIC_149345278,
TIC_149347992,3.10664810617456
TIC_149363045,3.3030065429629687
TIC_149390710,3.3426200149180514
TIC_149398070,
TIC_149441771,
TIC_149441973,2.49539506300453
TIC_149451912,
TIC_149894112,
TIC_149901064,2.975452156613614
TIC_149917324,
TIC_149971055,3.1298368299960684
TIC_149976395,3.169636035350679
TIC_149978296,
TIC_149992479,
TIC_150030411,3.427238466215747
TIC_150150095,
TIC_150249737,2.4312670275122463
TIC_150316909,
TIC_150322991,
TIC_150326709,3.3420735851741346
TIC_150342503,2.4677312640772557
TIC_150356135,2.363122490985597
TIC_150393140,2.90272965622694
TIC_150393390,2.494266475543206
TIC_150430044,
TIC_150442152,
TIC_153858138,2.523772705540572
TIC_153893197,2.487577339872602
TIC_153950008,
TIC_153990174,1.9980895255233184
TIC_153990923,2.4314920356513032
TIC_154010909,
TIC_154068408,2.4339888287859557
TIC_154182988,2.641704954065099
TIC_154214348,
TIC_154223690,2.4235545359525106
TIC_154344008,2.638996900577182
TIC_154346102,
TIC_154385126,
TIC_154486328,2.960796203480907
TIC_154490761,
TIC_154653061,2.659477684797755
TIC_155028080,2.8398836098945437
TIC_155360134,2.396716808120861
TIC_155459659,2.6321133110180734
TIC_155633373,
TIC_155774779,2.4301954486206445
TIC_155969363,
TIC_156085643,2.3531294614021516
TIC_156086284,
TIC_156139532,1.8955119755802485
TIC_156457345,
TIC_156463699,2.984928920234039
TIC_156493690,
TIC_156945430,
TIC_157010816,
TIC_157263760,2.7393861650200773
TIC_157321602,2.8607807486550016
TIC_157328623,2.6613545260062494
TIC_157349284,2.447805890402679
TIC_157649067,2.609672238969684
TIC_157694092,2.399487515718938
TIC_157765164,
TIC_157977816,2.371850106032557
TIC_158000309,2.5041740248112054
TIC_158003177,2.396847485298945
TIC_158088633,2.4113972632244587
TIC_158447307,2.6108677919769483
TIC_158447878,
TIC_158587933,2.4674809404888585
TIC_158588517,
TIC_158591045,2.5522354704615413
TIC_158714829,
TIC_158781686,
TIC_159105020,
TIC_159145231,2.4972478415204957
TIC_159212711,2.353669220622785
TIC_159332615,3.379703666513443
TIC_159539923,3.63839052922961
TIC_159539998,2.2290158829941675
TIC_159546913,2.9963654998647806
TIC_159613699,2.2895672489800147
TIC_159631371,
TIC_159634826,2.8318484927818433
TIC_268603238,2.344396932945358
TIC_268614032,
TIC_268750437,
TIC_268754714,2.624538248507551
TIC_268830428,2.8725460508596847
TIC_269407885,2.794110485731404
TIC_269475596,2.518662238687681
TIC_269573233,2.234594262651055
TIC_269698397,2.9211802829556923
TIC_269854349,2.3529606483543675
TIC_269932980,2.4995786850515054
TIC_269935069,
TIC_270023217,
TIC_270243569,2.748588237305159
TIC_270245797,2.720537482949155
TIC_270247756,2.3830247944113534
TIC_270291867,2.404086532401229
TIC_270344943,3.359182859153167
TIC_270391245,2.5593258299728747
TIC_270627594,
TIC_270677029,
TIC_270858200,3.2138726680284253
TIC_270986100,2.8217965551564976
TIC_271701447,3.360855370844784
TIC_271775694,2.4661270194970983
TIC_271886778,2.62215679034743
TIC_271903890,2.6065512150122303
TIC_272285352,
TIC_272357006,2.9482927794031384
TIC_272650711,
TIC_272670678,
TIC_272678898,2.4616887461563755
TIC_272679402,
TIC_272679869,2.653701987808222
TIC_272701896,2.2554326519979098
TIC_272760235,3.141150330337441
TIC_272784360,3.302157889705594
TIC_273119951,2.9951237250120313
TIC_273279154,2.5339625806391615
TIC_273370115,
TIC_273396767,
TIC_273420262,2.553516113314595
TIC_273569277,2.4894735581377567
TIC_273606667,
TIC_273652436,2.3510651459502476
TIC_273733875,2.5233175480786585
TIC_273847957,
TIC_274012361,2.497029959452654
TIC_274221551,2.64743838271441
TIC_274487118,2.4273725807844024
TIC_274578213,2.5818898186149433
TIC_274677097,2.4939964006980615
TIC_274724250,2.382724230393932
TIC_274726293,2.460120457323674
TIC_274801993,3.506730799335189
TIC_274802274,
TIC_275048984,
TIC_275061038,2.4535830191142822
TIC_275178067,2.5677323162672177
TIC_275250249,
TIC_275263852,2.504756930928786
TIC_275364579,2.755184071065029
TIC_275492464,3.0021392607756043
TIC_275502466,2.4823591033947574
TIC_275631920,1.9901263524446682
TIC_276078538,2.4743108079311797
TIC_276864676,
TIC_276905630,
TIC_276967365,2.374942658244288
TIC_277276155,2.71061311908161
TIC_277774779,3.917068982766122
TIC_277810712,2.7475134044997604
TIC_278024624,2.5035705539584288
TIC_278268494,
TIC_278326347,2.523316441747968
TIC_278328989,
TIC_278731442,3.3138092439165012
TIC_278777449,2.7153371511319784
TIC_278824686,3.212128407537586
TIC_278865342,
TIC_278899512,
TIC_278957439,
TIC_278960800,
TIC_278987334,2.4708322113865826
TIC_279088394,2.939874806793093
TIC_279088861,
TIC_279090824,3.5733051597591348
TIC_279091008,3.4295391134267215
TIC_279249069,2.1950217900098137
TIC_279359927,2.6926721610056537
TIC_279477819,2.518350025658867
TIC_279608372,2.9554226576975355
TIC_279636884,
TIC_279727001,
TIC_279727206,
TIC_279727421,2.4932409720709687
TIC_279741867,2.6967629488920033
TIC_279834531,
TIC_279953380,2.4488125537140317
TIC_279979689,2.8333146249908907
TIC_279980795,1.7879230729985423
TIC_280033832,
TIC_280051835,2.429950949537944
TIC_280096428,1.9470984836642016
TIC_280238605,
TIC_280726888,3.579279670881659
TIC_280933758,
TIC_281563487,2.8719841812948013
TIC_281597433,2.7060763823093925
TIC_281631335,
TIC_281637751,2.5443142891404404
TIC_281678926,2.282862657218875
TIC_281692029,
TIC_281797748,
TIC_281924940,2.601500555094927
TIC_281982431,
TIC_282230756,
TIC_282924596,2.2191382371939614
TIC_283771694,
TIC_284181945,2.7219185985254732
TIC_284182668,2.789087256815833
TIC_284190466,
TIC_284203323,2.5278604998262284
TIC_284555713,3.0806616672704603
TIC_284627497,2.381639277916625
TIC_284660452,
TIC_284679169,
TIC_284902257,2.7845309386004944
TIC_285971448,2.449213077963295
TIC_286098249,
TIC_286216238,
TIC_286311250,
TIC_286507416,
TIC_287139051,
TIC_287140025,3.3398741021431064
TIC_287151392,2.3036957426862408
TIC_287221547,
TIC_287261757,2.56495344134551
TIC_287286222,
TIC_287496048,
TIC_287589266,
TIC_287769668,
TIC_287837391,3.4454570644864253
TIC_287867700,2.5742727643468712
TIC_288108572,2.4401105469686533
TIC_288183622,2.5325869235032377
TIC_288183829,3.407990524854551
TIC_288185404,
TIC_288185546,2.6836403131534654
TIC_288237238,2.5851186447364887
TIC_288240748,3.5052776014334843
TIC_288298674,2.766812314353193
TIC_288344769,
TIC_288431266,2.8591754668898215
TIC_288516967,
TIC_288524895,2.4772362716694385
TIC_288601729,2.4489333389941734
TIC_288636381,3.3664222967251067
TIC_288735742,
TIC_288846484,3.042642547997593
TIC_289021161,
TIC_289077942,
TIC_289080311,2.522666374849619
TIC_289138845,2.580304511813084
TIC_289679763,2.5303187340823876
TIC_289775373,2.460524821191217
TIC_289814345,
TIC_289818652,
TIC_289832595,2.6136374745921795
TIC_289903576,2.9148517216077092
TIC_289966090,2.6102600910362352
TIC_290352455,2.388955865784689
TIC_290513411,
TIC_290546136,2.397067970497824
TIC_290651893,
TIC_290653996,2.6921860425539625
TIC_290655383,2.3631581864199487
TIC_292627233,
TIC_292698326,
TIC_292777606,2.4769037542185313
TIC_293164978,2.1156432137167123
TIC_293218474,3.1154868423776856
TIC_293252336,
TIC_293271686,
TIC_293272754,2.6938974385154526
TIC_293462404,3.2445193622724737
TIC_293505416,2.2486306055185525
TIC_293527488,2.534286995844714
TIC_293655750,2.368905802133414
TIC_293732840,3.178814219841099
TIC_293806873,3.0242462209553262
TIC_294209068,
TIC_294292672,2.4283244807265536
TIC_294330174,2.4842804418744246
TIC_294501296,2.7875286860000554
TIC_294784092,2.6002046513861656
TIC_294785164,
TIC_295204397,2.1506340455753383
TIC_295211073,2.5202004288177613
TIC_337607213,2.7760750273892727
TIC_337642856,2.5604126534506153
TIC_338655597,
TIC_338993776,
TIC_338995234,2.7766882477812636
TIC_339598472,2.468425128655311
TIC_339672106,2.31020246394939
TIC_339673707,3.2966145221611614
TIC_339769900,3.7255150473162795
TIC_339770749,2.473087238726124
TIC_339887586,
TIC_339960404,2.59901568755434
TIC_340062939,
TIC_340174734,3.3059954254811297
TIC_340179086,2.9314259057324072
TIC_340181061,2.6004150982609815
TIC_340255470,
TIC_340931059,
TIC_341188017,2.1093286686024095
TIC_341571306,
TIC_341613432,
TIC_341631531,2.7076572556537033
TIC_341686676,
TIC_341687229,2.478351257771091
TIC_341707548,3.0635755936968
TIC_341840037,2.6856302197316184
TIC_341874424,2.514141023084275
TIC_341879249,3.4700235930269634
TIC_341929445,2.000414186618114
TIC_342169249,3.432284830966838
TIC_342365421,2.628531549136545
TIC_343402190,
TIC_343409358,
TIC_343598771,
TIC_343720260,2.5902798726446115
TIC_343995519,2.5077764978540515
TIC_344073005,2.7004739724991147
TIC_344840363,2.414566184793003
TIC_344843690,2.5445806382542875
TIC_344852533,3.5161724857648835
TIC_345032207,2.7063401608313398
TIC_345456791,2.097361749831477
TIC_345598728,2.4467475549402304
TIC_346004415,2.364878790957484
TIC_346722548,
TIC_347445677,
TIC_348842808,2.0810983632830915
TIC_348994088,2.509619774941731
TIC_349190958,3.203080574833871
TIC_349196900,2.5442331527999142
TIC_349247495,
TIC_350140570,2.623250219270178
TIC_350295877,3.6368558533264306
TIC_350297922,3.3301868103000203
TIC_350342269,3.486249559566684
TIC_350343922,3.279620827200195
TIC_350344761,2.5434937334287024
TIC_350433501,2.233397342999996
TIC_350434379,
TIC_350499405,1.940631720462479
TIC_350516184,2.6499238196899113
TIC_350584303,1.8993243260629957
TIC_350708927,2.7659456547503445
TIC_350716888,2.4152840307157413
TIC_350764206,2.699855419755889
TIC_350825116,1.8447526774617484
TIC_350934641,
TIC_350987178,2.7019159118590816
TIC_351777785,2.3178597040528537
TIC_352838223,2.6018084892270985
TIC_353092646,2.352953099274359
TIC_353238549,2.765948782574982
TIC_353782112,
TIC_353784443,2.7704645173673366
TIC_353855077,
TIC_353872814,
TIC_353934350,2.905690367986404
TIC_354242427,2.434835236842811
TIC_354785313,2.595424993679439
TIC_355510058,
TIC_355548896,2.6694091747365154
TIC_355753487,2.610712856871508
TIC_355835562,1.9460122621605138
TIC_355951649,2.1729037665231825
TIC_356111753,
TIC_356111938,3.4447067770431317
TIC_356150954,2.4155744099829786
TIC_356198029,2.660611462251585
TIC_356226401,
TIC_356337657,
TIC_356340717,2.2458345173928596
TIC_356672218,2.4508232772057004
TIC_356700209,2.5128507486463825
TIC_356744534,2.893486051799633
TIC_356785943,2.7582760863809828
TIC_356892348,3.500148001567468
TIC_356893496,3.204745635062893
TIC_356894735,
TIC_356920007,3.184189294963955
TIC_356976847,2.6523097031727962
TIC_357035841,2.4901265535585226
TIC_357036834,2.4877964909668244
TIC_357361953,2.5882430527642915
TIC_357370845,2.465712828809888
TIC_357685075,2.657396351376693
TIC_357954926,2.5381297704214627
TIC_358156337,3.228165451842258
TIC_358736833,2.6491568722079775
TIC_358742213,
TIC_359278618,2.487457660923151
TIC_359356597,
TIC_359554914,2.1600467070939646
TIC_359634548,2.820871538643398
TIC_360019958,3.2223375946145607
TIC_361458540,3.3776561087175927
TIC_361741243,2.0784986163159047
TIC_362064341,2.4516780803601512
TIC_362103349,
TIC_362132072,2.6714362979537207
TIC_362221842,
TIC_363348787,
TIC_364025794,2.880023341395394
TIC_364266724,2.520202120852936
TIC_364395684,3.755759069727959
TIC_364406290,
TIC_364538492,2.8963167127594183
TIC_364766176,
TIC_365052029,
TIC_365193283,2.8276074249204792
TIC_365273563,
TIC_365301267,2.4867679613547558
TIC_365480289,
TIC_365482475,2.634953294440887
TIC_365930577,
TIC_365968021,
TIC_366019099,2.6195146286139
TIC_366120745,2.0416344412061154
TIC_366354149,2.359106445499162
TIC_366507361,
TIC_366620082,2.3261978256183227
TIC_366676700,2.519611275185691
TIC_366834816,2.4055255432387788
TIC_366961817,
TIC_367069074,2.6202593844037394
TIC_367102989,2.6367112213696733
TIC_367258984,2.293678406366733
TIC_367355815,2.6252627161448663
TIC_367506710,
TIC_367613229,2.5790794620772504
TIC_367614642,2.542388118598785
TIC_367737522,
TIC_367757382,2.7040944640896107
TIC_368628548,2.456141994541594
TIC_369324314,2.0788767861773825
TIC_369388331,
TIC_369769825,2.469223411327109
TIC_369771333,
TIC_369965957,
TIC_370010028,2.721954912203447
TIC_370140250,2.5801474453941067
TIC_370223705,2.4146779892710653
TIC_370228189,
TIC_370246784,2.7079324472782935
TIC_370435127,2.8788451480182364
TIC_371205495,2.5178581965884623
TIC_371221281,2.7967902784695715
TIC_371767006,3.1504697997649234
TIC_372072912,3.4194634995111106
TIC_372389503,2.5276987477713835
TIC_372499725,
TIC_372731157,
TIC_372734827,
TIC_373016628,2.8918569310484976
TIC_373448005,3.3522346468660524
TIC_373523595,2.4637110535811613
TIC_373604254,
TIC_373626359,2.8983732106834252
TIC_373675717,
TIC_373943437,2.449261040652661
TIC_374024673,2.587595979466636
TIC_374046378,2.5185681680398124
TIC_374169490,
TIC_374312260,
TIC_374858999,3.43195729200404
TIC_374859230,3.470747198377122
TIC_374911449,
TIC_375062809,
TIC_375091650,2.698689412285901
TIC_375688051,3.4241760127066376
TIC_376197802,
TIC_376539888,2.6772424353068236
TIC_376867523,
TIC_376925533,1.9499565263085883
TIC_376927620,
TIC_377061908,
TIC_377100366,
TIC_377292679,3.258971067236148
TIC_377295633,3.4930241430135953
TIC_377780437,2.2964288420818555
TIC_377784111,2.3037203748136834
TIC_219111587,
TIC_219112216,
TIC_219143616,
TIC_219176630,2.693123291749243
TIC_219234328,3.495808061501688
TIC_219400409,2.442434589819827
TIC_219432606,2.569113749100131
TIC_219463934,2.831838324301228
TIC_219482627,
TIC_219499657,
TIC_219506236,3.0659423929752654
TIC_219508951,
TIC_219581340,
TIC_219696302,2.3527134159840775
TIC_219701594,2.91023577643889
TIC_219705379,2.4948595338718325
TIC_219725322,2.4838970657508717
TIC_219732543,2.651009243984719
TIC_219751469,2.883582521115172
TIC_219755548,
TIC_219771875,2.523827729222878
TIC_219777306,2.3882950935099485
TIC_219777669,1.989494767776686
TIC_219788712,
TIC_219794415,
TIC_219802774,2.4760457947676975
TIC_219805568,2.4597816923582765
TIC_219811092,
TIC_219821654,
TIC_219845310,2.416162489823496
TIC_219855548,2.6189165755275954
TIC_219860013,
TIC_219867444,2.6131239093776117
TIC_219873138,2.4661616086007596
TIC_219992932,
TIC_220020672,2.6408498743279756
TIC_220347617,
TIC_220378886,2.4907013899698867
TIC_220399619,
TIC_220402024,2.8330187588115137
TIC_220404759,
TIC_220406924,2.082039460231437
TIC_220407801,3.2166411629651206
TIC_220417077,
TIC_220427527,2.4383552231709045
TIC_220428118,2.487306776940388
TIC_220430008,2.474707948110094
TIC_220457739,3.187550099829104
TIC_220459451,
TIC_220517490,
TIC_220523140,2.124368778797981
TIC_220525353,
TIC_220538050,2.691710483052543
TIC_220554203,2.226006663514776
TIC_220563149,
TIC_220570421,2.4233122169920542
TIC_220614593,2.5638840751152903
TIC_220616167,2.3501449391284788
TIC_224292441,2.649365334195377
TIC_224308090,2.4149563615963916
TIC_224310681,2.2166458693820728
TIC_224312054,2.467911628519019
TIC_224598071,2.454516892373998
TIC_224601836,3.6193638540066044
TIC_224605278,3.270584253038217
TIC_229092982,
TIC_229147944,
TIC_229405342,2.3468949951063913
TIC_229441400,1.7668036105779097
TIC_229489199,2.5721661154764695
TIC_229504417,
TIC_229533585,
TIC_229553174,
TIC_229582807,1.8372876785854066
TIC_229594218,2.8616812896352606
TIC_229606609,3.1600598646637574
TIC_229613892,
TIC_229639858,1.9217546601958557
TIC_229646945,
TIC_229669811,2.3025372842962613
TIC_229673565,3.469958059203093
TIC_229675701,
TIC_229676324,2.5377645023281894
TIC_229684208,2.463863108972891
TIC_229685723,2.5379326320540763
TIC_229689153,
TIC_229713743,2.5044987328690005
TIC_229738522,2.2980396270287446
TIC_229739896,
TIC_229747669,2.533915642932641
TIC_229748825,
TIC_229752137,1.9719473217657602
TIC_229786139,2.057836393862015
TIC_229795273,2.6130918583267118
TIC_229795998,1.8619160314880858
TIC_229802943,2.385373990016178
TIC_229849701,
TIC_229914817,
TIC_229940532,2.3090110108735096
TIC_229969898,
TIC_229977160,2.48267118626702
TIC_230005218,
TIC_230024912,2.5831814922357688
TIC_230070108,
TIC_230070344,2.4141683612921914
TIC_230074954,1.9367616455489745
TIC_230075248,
TIC_230076586,1.9792089510297943
TIC_230079797,2.537461562953696
TIC_230080609,
TIC_230080910,
TIC_230082687,
TIC_230088835,
TIC_230092485,
TIC_230111524,3.3343787298271783
TIC_230112519,2.410402802089844
TIC_230116331,2.408998770825611
TIC_230129250,
TIC_230129966,2.7596226697971313
TIC_230200297,2.5952503723955274
TIC_230200871,2.642056832303098
TIC_230238167,
TIC_230295593,
TIC_230382377,2.407519606691807
TIC_230385952,3.1131078409224813
TIC_230392898,
TIC_230394278,
TIC_230394694,1.827166574954915
TIC_231016984,
TIC_231053750,2.6155683958479785
TIC_231063412,2.4370978783406367
TIC_231065613,2.3290206283762886
TIC_231071120,2.5318564849341048
TIC_231077890,2.4195855420595795
TIC_231091547,
TIC_231098685,2.836644115003136
TIC_231272485,2.410717683327972
TIC_231274592,
TIC_231722966,2.428513370422465
TIC_231737189,2.5936551248870185
TIC_231803967,2.6254050260647745
TIC_231813167,2.5297050622098576
TIC_231828182,2.446036021610258
TIC_231828422,3.4283658171898277
TIC_231856135,2.6032708957048483
TIC_232080070,2.2704733153588266
TIC_232522304,2.467932746419561
TIC_232523752,3.2823252525742292
TIC_232524220,2.371992659996
TIC_232614734,
TIC_232614964,2.34747119816155
TIC_232617075,2.7760681819681223
TIC_232620788,3.7802766594049912
TIC_232620952,2.6576158441318642
TIC_232623464,
TIC_232635891,
TIC_232647621,2.541537512993132
TIC_232682595,2.497495952447511
TIC_232962792,2.332846742914397
TIC_232967539,
TIC_232968276,
TIC_232968708,
TIC_233007430,2.418569474937353
TIC_233049900,
TIC_233051228,2.936151328830924
TIC_233055967,
TIC_233077177,
TIC_233085151,
TIC_233085869,
TIC_233124467,2.4255302147925866
TIC_233152526,2.574291360464221
TIC_233153706,2.652084906538136
TIC_233158962,
TIC_233160374,2.6391279356857837
TIC_233166655,2.6414356601592663
TIC_233169301,2.490772683221177
TIC_233176858,
TIC_233180127,
TIC_233185497,2.5503559285045956
TIC_233186332,3.835244960098083
TIC_233189161,2.4703768586898414
TIC_233190759,2.5519197269362572
TIC_233193823,2.4225002678823087
TIC_233205718,1.9430381198718532
TIC_233424718,3.125361689812026
TIC_233460011,3.116621807510051
TIC_233494936,3.5019938817861846
TIC_233494956,
TIC_233514028,2.473882560336367
TIC_233521372,
TIC_233522055,
TIC_233529444,2.8796392982195127
TIC_233537824,2.370365963410644
TIC_233539061,2.5682603939373196
TIC_233539590,2.703551581111733
TIC_233573215,2.6835477799798655
TIC_233580065,
TIC_233614532,2.0396928959217693
TIC_233623612,2.9005106741174838
TIC_233646652,
TIC_295598663,2.534165803825348
TIC_296757803,3.405218255377851
TIC_296805612,
TIC_297269362,
TIC_297541952,
TIC_297822958,2.72528111983015
TIC_297850978,
TIC_297962605,
TIC_298108181,
TIC_298159489,1.8044847132855533
TIC_298263539,
TIC_298320798,2.6492241631452975
TIC_298356285,
TIC_298363636,2.303747219602508
TIC_298496606,3.1441492023709583
TIC_298537261,
TIC_298733302,
TIC_298781775,2.588482426932762
TIC_299088361,2.85371407763611
TIC_299155541,
TIC_299802045,2.498514297309395
TIC_299833107,2.496841980852606
TIC_299897380,
TIC_300011376,
TIC_300039724,2.4875638686694828
TIC_300085625,
TIC_300088321,3.8306149661564457
TIC_300157797,2.9337719613104176
TIC_300241371,
TIC_300328258,2.419396066659185
TIC_300330109,2.6027835733050524
TIC_300444376,3.4767582184124484
TIC_300448273,2.5896108028896885
TIC_300556408,2.5571799389020824
TIC_300556816,
TIC_300560731,2.7223448693676544
TIC_300561691,
TIC_300703844,
TIC_300708926,
TIC_300709762,2.418056723201235
TIC_300940126,2.6847056608001463
TIC_301861807,
TIC_301867609,2.47062139031168
TIC_302206990,2.6862243599865825
TIC_302261616,2.6331805459347564
TIC_302303498,2.639945058518466
TIC_302330479,2.5156498954510447
TIC_302440596,
TIC_302501968,
TIC_303156867,2.4854044413172947
TIC_303337836,
TIC_303339838,2.559287596485761
TIC_303438002,2.714668504385849
TIC_303470984,2.363035286095839
TIC_303980842,
TIC_304133090,2.6813783387079675
TIC_304178155,
TIC_304216847,2.963606104470668
TIC_304405981,
TIC_304498801,2.7546388696735704
TIC_304550604,
TIC_305168532,2.6178316718589953
TIC_305260539,
TIC_305544030,2.5124938268419985
TIC_305725166,
TIC_305795749,1.9965695573105013
TIC_306577373,
TIC_306666732,
TIC_306690965,2.4459731234565636
TIC_306898941,2.3679291399072686
TIC_307125717,2.4082366391360965
TIC_307250539,2.6584956048051374
TIC_307325401,2.652234960772881
TIC_307807878,
TIC_307984288,
TIC_308234803,
TIC_308457039,2.4710063283138557
TIC_308519636,
TIC_308616873,2.6204494455086174
TIC_308821405,2.874798597089956
TIC_309029591,2.242167161308903
TIC_309436331,
TIC_309552570,
TIC_309780483,2.8148212377674544
TIC_309807304,3.6500998031061025
TIC_309854901,2.7200833911440108
TIC_309855268,
TIC_310028784,
TIC_310054248,2.732546710734232
TIC_310104035,
TIC_310133917,2.8736284083407386
TIC_310307848,2.9096014178093963
TIC_310380391,2.457955010230962
TIC_310478750,3.3486935426374163
TIC_310512172,2.4503451145732433
TIC_310666112,
TIC_310764588,2.586817610747275
TIC_310836777,2.3483783242498553
TIC_311070321,
TIC_311088345,2.9509265297695033
TIC_311844434,2.7783913482962674
TIC_311864730,2.428932311823818
TIC_311884863,
TIC_312485893,
TIC_312848710,2.827810023761956
TIC_312885596,2.5358567326690555
TIC_313008241,2.4471619083231304
TIC_313027441,
TIC_313056563,2.574851017367722
TIC_313110355,
TIC_313144297,2.600458001114394
TIC_313275161,
TIC_313303666,2.4101369573326354
TIC_313422570,2.414665364085533
TIC_313484098,
TIC_313485965,2.5981234318520867
TIC_313550416,
TIC_313551384,2.4775191343958047
TIC_313553792,
TIC_314149533,
TIC_314369052,
TIC_314579347,3.2567995353246353
TIC_315330870,
TIC_315923151,
TIC_316172478,2.5947938970985263
TIC_316185121,
TIC_316332568,
TIC_316632108,
TIC_317019578,
TIC_317099861,2.4149638130589866
TIC_317130136,
TIC_317181516,
TIC_319063231,
TIC_319246375,2.489810663607118
TIC_319437757,2.5800449633790725
TIC_319506938,
TIC_319518192,2.7233363775754986
TIC_319555742,
TIC_320279714,2.419666401817433
TIC_320324154,2.4159202684804533
TIC_320419323,
TIC_320495794,
TIC_321107985,
TIC_321219021,
TIC_321297169,2.3403133687476374
TIC_321448869,3.106268927599805
TIC_321601485,
TIC_321671083,2.5929562492817158
TIC_321723859,2.72425533977524
TIC_321863578,
TIC_321908147,
TIC_321983989,
TIC_322586023,2.3582673912874883
TIC_322736182,3.1008332971411883
TIC_322769378,
TIC_322784020,
TIC_322810819,
TIC_322953678,
TIC_323474457,2.0373252180865786
TIC_323495408,
TIC_323523846,
TIC_323735258,
TIC_323973835,2.6625744996365595
TIC_325220689,
TIC_325376866,2.345460377052467
TIC_327251785,2.5361678719063168
TIC_327595545,3.1061398448394812
TIC_327670036,
TIC_327938692,
TIC_328899669,
TIC_329086093,2.371890389485363
TIC_329248278,
TIC_329331867,
TIC_329637339,
TIC_329709914,2.614667940282957
TIC_329769218,
TIC_331153739,2.47300462185482
TIC_331355697,
TIC_331747429,2.533718016478185
TIC_331868017,2.4130211289048114
TIC_331868510,2.5239678102118352
TIC_332277745,
TIC_333015696,
TIC_333731944,
TIC_334799128,2.3951141579584636
TIC_334832548,2.4380184430929233
TIC_334833530,2.7733926798203505
TIC_335721422,
TIC_335916346,2.721808160691206
TIC_335966219,
TIC_336074536,2.113025505145366
TIC_336118727,
TIC_336258298,2.834277275050748
TIC_336319206,
TIC_336813972,
TIC_337007583,3.531479677204906
TIC_337185057,
TIC_337220441,2.4127238838794627
TIC_337418079,2.6731112256763314
TIC_337546639,2.650942782795417
